{"credit":"Made by kamisama_.","texture_size":[256,256],"textures":{"2":"vending_machine:vm_1"},"elements":[{"from":[-5.5,-13,-1.5],"to":[-0.5,28.1,15.5],"rotation":{"angle":0,"axis":"y","origin":[0.5,0,1.5]},"faces":{"north":{"uv":[3.3125,5,3.625,7.5625],"texture":"#2","tintindex":0},"east":{"uv":[2.25,2.5625,3.3125,5.125],"texture":"#2"},"south":{"uv":[3.625,5,3.9375,7.5625],"texture":"#2","tintindex":0},"west":{"uv":[2.625,0,3.6875,2.5625],"texture":"#2","tintindex":0},"up":{"uv":[3.3125,6.1875,3,5.125],"texture":"#2","tintindex":0},"down":{"uv":[5.8125,1.75,5.5,2.8125],"texture":"#2","tintindex":0}}},{"from":[14.5,-13,-1.5],"to":[16.5,28.1,16.5],"rotation":{"angle":0,"axis":"y","origin":[0.5,0,1.5]},"faces":{"north":{"uv":[0,5.75,0.125,8.3125],"texture":"#2","tintindex":0},"east":{"uv":[0,2.5625,1.125,5.125],"texture":"#2","tintindex":0},"south":{"uv":[0.125,5.75,0.25,8.3125],"texture":"#2","tintindex":0},"west":{"uv":[1.125,2.5625,2.25,5.125],"texture":"#2"},"up":{"uv":[0.5,6.875,0.375,5.75],"texture":"#2","tintindex":0},"down":{"uv":[0.625,5.75,0.5,6.875],"texture":"#2","tintindex":0}}},{"from":[-5.5,-13,15.5],"to":[14.5,28.1,16.5],"rotation":{"angle":0,"axis":"y","origin":[0.5,0,1.5]},"faces":{"north":{"uv":[0,0,1.3125,2.5625],"texture":"#2"},"east":{"uv":[0.25,5.75,0.3125,8.3125],"texture":"#2"},"south":{"uv":[1.3125,0,2.625,2.5625],"texture":"#2","tintindex":0},"west":{"uv":[0.3125,5.75,0.375,8.3125],"texture":"#2","tintindex":0},"up":{"uv":[6.8125,2.875,5.5,2.8125],"texture":"#2","tintindex":0},"down":{"uv":[6.8125,2.875,5.5,2.9375],"texture":"#2","tintindex":0}}},{"from":[-0.65,0,-1.3],"to":[15.6,23.3,-0.3],"rotation":{"angle":0,"axis":"y","origin":[15.5,16,1.5]},"faces":{"north":{"uv":[3.3125,2.5625,4.3125,4],"texture":"#2"},"east":{"uv":[0.625,5.75,0.6875,7.1875],"texture":"#2"},"west":{"uv":[0.6875,5.75,0.75,7.1875],"texture":"#2"},"up":{"uv":[3,5.8125,2,5.75],"texture":"#2"},"down":{"uv":[1.75,5.8125,0.75,5.875],"texture":"#2"}}},{"from":[-0.5,-13.01,-0.5],"to":[14.5,-12.6,15.5],"rotation":{"angle":0,"axis":"y","origin":[0.5,0,1.5]},"faces":{"north":{"uv":[3.9375,5.75,5.125,5.8125],"texture":"#2"},"east":{"uv":[1.75,5.8125,2.75,5.875],"texture":"#2"},"south":{"uv":[5.125,5.75,6.3125,5.8125],"texture":"#2"},"west":{"uv":[5.8125,1.75,6.8125,1.8125],"texture":"#2"},"up":{"uv":[4.5,5,3.3125,4],"texture":"#2"},"down":{"uv":[5.5,2,4.3125,3],"texture":"#2","tintindex":0}}},{"from":[-0.5,22,-1.5],"to":[14.5,28.1,15.5],"rotation":{"angle":0,"axis":"y","origin":[0.5,0,1.5]},"faces":{"north":{"uv":[5.4375,4.375,6.375,4.75],"texture":"#2","tintindex":0},"east":{"uv":[5.4375,3.625,6.5,4],"texture":"#2"},"south":{"uv":[5.4375,4.75,6.375,5.125],"texture":"#2"},"west":{"uv":[5.4375,4,6.5,4.375],"texture":"#2"},"up":{"uv":[5.4375,4.0625,4.5,3],"texture":"#2","tintindex":0},"down":{"uv":[5.4375,4.0625,4.5,5.125],"texture":"#2"}}},{"from":[-0.5,-13,-1.5],"to":[14.5,1,-0.5],"rotation":{"angle":0,"axis":"y","origin":[0.5,0,1.5]},"faces":{"north":{"uv":[4.9375,0,5.875,0.875],"texture":"#2","tintindex":0},"east":{"uv":[4.3125,3,4.375,3.875],"texture":"#2"},"south":{"uv":[4.9375,0.875,5.875,1.75],"texture":"#2"},"west":{"uv":[4.375,3,4.4375,3.875],"texture":"#2"},"up":{"uv":[6.75,2.375,5.8125,2.3125],"texture":"#2"},"down":{"uv":[6.75,2.375,5.8125,2.4375],"texture":"#2","tintindex":0}}},{"from":[-0.5,15.1,5.5],"to":[15.5,16.5,15.5],"rotation":{"angle":0,"axis":"y","origin":[0.5,0,1.5]},"faces":{"north":{"uv":[5.8125,1.8125,6.8125,1.875],"texture":"#2"},"east":{"uv":[3.6875,2.5,4.3125,2.5625],"texture":"#2"},"south":{"uv":[5.8125,1.875,6.8125,1.9375],"texture":"#2"},"west":{"uv":[5.8125,2.4375,6.4375,2.5],"texture":"#2"},"up":{"uv":[1,5.75,0,5.125],"texture":"#2"},"down":{"uv":[2,5.125,1,5.75],"texture":"#2"}}},{"from":[-0.5,8.5,5.5],"to":[15.5,9.9,15.5],"rotation":{"angle":0,"axis":"y","origin":[0.5,0,1.5]},"faces":{"north":{"uv":[5.8125,1.9375,6.8125,2],"texture":"#2"},"east":{"uv":[5.8125,2.5,6.4375,2.5625],"texture":"#2"},"south":{"uv":[5.8125,2,6.8125,2.0625],"texture":"#2"},"west":{"uv":[5.8125,2.5625,6.4375,2.625],"texture":"#2"},"up":{"uv":[3,5.75,2,5.125],"texture":"#2"},"down":{"uv":[4.9375,5.125,3.9375,5.75],"texture":"#2"}}},{"from":[-0.5,2,5.5],"to":[15.5,3.4,15.5],"rotation":{"angle":0,"axis":"y","origin":[0.5,0,1.5]},"faces":{"north":{"uv":[5.8125,2.0625,6.8125,2.125],"texture":"#2"},"east":{"uv":[5.8125,2.625,6.4375,2.6875],"texture":"#2"},"south":{"uv":[5.8125,2.125,6.8125,2.1875],"texture":"#2"},"west":{"uv":[5.8125,2.6875,6.4375,2.75],"texture":"#2"},"up":{"uv":[5.9375,5.75,4.9375,5.125],"texture":"#2"},"down":{"uv":[6.4375,3,5.4375,3.625],"texture":"#2"}}},{"from":[-4.5,-0.4,-0.5],"to":[15.5,0,15.5],"rotation":{"angle":0,"axis":"y","origin":[0.5,0,1.5]},"faces":{"north":{"uv":[5.5,2.9375,6.75,3],"texture":"#2"},"east":{"uv":[5.8125,2.1875,6.8125,2.25],"texture":"#2"},"south":{"uv":[0.75,5.75,2,5.8125],"texture":"#2"},"west":{"uv":[5.8125,2.25,6.8125,2.3125],"texture":"#2"},"up":{"uv":[4.9375,1,3.6875,0],"texture":"#2"},"down":{"uv":[4.9375,1,3.6875,2],"texture":"#2"}}},{"from":[-4.9,20.45,-1.8],"to":[-2.2,21.4,-1.4],"rotation":{"angle":0,"axis":"y","origin":[0.1,0,0]},"faces":{"north":{"uv":[3.875,2,4.0625,2.0625],"texture":"#2"},"east":{"uv":[3.9375,2.375,4,2.4375],"texture":"#2"},"south":{"uv":[3.875,2.0625,4.0625,2.125],"texture":"#2"},"west":{"uv":[3.9375,2.4375,4,2.5],"texture":"#2"},"up":{"uv":[4.0625,2.1875,3.875,2.125],"texture":"#2"},"down":{"uv":[4.0625,2.1875,3.875,2.25],"texture":"#2"}}},{"from":[-5.1,16.3,-1.6],"to":[-1.9,20.45,-1.6],"rotation":{"angle":0,"axis":"y","origin":[15.9,16,16]},"faces":{"north":{"uv":[3.6875,2,3.875,2.25],"texture":"#2"},"east":{"uv":[0,0,0,0.25],"texture":"#2"},"south":{"uv":[3.6875,2.25,3.875,2.5],"texture":"#2"},"west":{"uv":[0,0,0,0.25],"texture":"#2"},"up":{"uv":[0.1875,0,0,0],"texture":"#2"},"down":{"uv":[0.1875,0,0,0],"texture":"#2"}}},{"from":[-2.9,19.5,-1.8],"to":[-2.2,20.2,-1.4],"rotation":{"angle":0,"axis":"y","origin":[0.1,0,0]},"faces":{"north":{"uv":[4,2.25,4.0625,2.3125],"texture":"#2"},"east":{"uv":[4,2.3125,4.0625,2.375],"texture":"#2"},"south":{"uv":[4,2.375,4.0625,2.4375],"texture":"#2"},"west":{"uv":[4,2.4375,4.0625,2.5],"texture":"#2"},"up":{"uv":[4.125,2.0625,4.0625,2],"texture":"#2"},"down":{"uv":[4.125,2.0625,4.0625,2.125],"texture":"#2"}}},{"from":[-3.9,19.5,-1.8],"to":[-3.2,20.2,-1.4],"rotation":{"angle":0,"axis":"y","origin":[0.1,0,0]},"faces":{"north":{"uv":[4.0625,2.125,4.125,2.1875],"texture":"#2"},"east":{"uv":[4.0625,2.1875,4.125,2.25],"texture":"#2"},"south":{"uv":[4.0625,2.25,4.125,2.3125],"texture":"#2"},"west":{"uv":[4.0625,2.3125,4.125,2.375],"texture":"#2"},"up":{"uv":[4.125,2.4375,4.0625,2.375],"texture":"#2"},"down":{"uv":[4.125,2.4375,4.0625,2.5],"texture":"#2"}}},{"from":[-4.9,19.5,-1.8],"to":[-4.2,20.2,-1.4],"rotation":{"angle":0,"axis":"y","origin":[0.1,0,0]},"faces":{"north":{"uv":[4.125,2,4.1875,2.0625],"texture":"#2"},"east":{"uv":[4.125,2.0625,4.1875,2.125],"texture":"#2"},"south":{"uv":[4.125,2.125,4.1875,2.1875],"texture":"#2"},"west":{"uv":[4.125,2.1875,4.1875,2.25],"texture":"#2"},"up":{"uv":[4.1875,2.3125,4.125,2.25],"texture":"#2"},"down":{"uv":[4.1875,2.3125,4.125,2.375],"texture":"#2"}}},{"from":[-2.9,18.5,-1.8],"to":[-2.2,19.2,-1.4],"rotation":{"angle":0,"axis":"y","origin":[0.1,0,0]},"faces":{"north":{"uv":[4.125,2.375,4.1875,2.4375],"texture":"#2"},"east":{"uv":[4.125,2.4375,4.1875,2.5],"texture":"#2"},"south":{"uv":[4.1875,2,4.25,2.0625],"texture":"#2"},"west":{"uv":[4.1875,2.0625,4.25,2.125],"texture":"#2"},"up":{"uv":[4.25,2.1875,4.1875,2.125],"texture":"#2"},"down":{"uv":[4.25,2.1875,4.1875,2.25],"texture":"#2"}}},{"from":[-2.9,17.5,-1.8],"to":[-2.2,18.2,-1.3],"rotation":{"angle":0,"axis":"y","origin":[0.1,0,0]},"faces":{"north":{"uv":[4.1875,2.25,4.25,2.3125],"texture":"#2"},"east":{"uv":[4.1875,2.3125,4.25,2.375],"texture":"#2"},"south":{"uv":[4.1875,2.375,4.25,2.4375],"texture":"#2"},"west":{"uv":[4.1875,2.4375,4.25,2.5],"texture":"#2"},"up":{"uv":[4.3125,2.0625,4.25,2],"texture":"#2"},"down":{"uv":[4.3125,2.0625,4.25,2.125],"texture":"#2"}}},{"from":[-3.9,17.5,-1.8],"to":[-3.2,18.2,-1.4],"rotation":{"angle":0,"axis":"y","origin":[0.1,0,0]},"faces":{"north":{"uv":[4.25,2.125,4.3125,2.1875],"texture":"#2"},"east":{"uv":[4.25,2.1875,4.3125,2.25],"texture":"#2"},"south":{"uv":[4.25,2.25,4.3125,2.3125],"texture":"#2"},"west":{"uv":[4.25,2.3125,4.3125,2.375],"texture":"#2"},"up":{"uv":[4.3125,2.4375,4.25,2.375],"texture":"#2"},"down":{"uv":[4.3125,2.4375,4.25,2.5],"texture":"#2"}}},{"from":[-4.9,17.5,-1.8],"to":[-4.2,18.2,-1.4],"rotation":{"angle":0,"axis":"y","origin":[0.1,0,0]},"faces":{"north":{"uv":[4.3125,3.875,4.375,3.9375],"texture":"#2"},"east":{"uv":[4.3125,3.9375,4.375,4],"texture":"#2"},"south":{"uv":[4.375,3.875,4.4375,3.9375],"texture":"#2"},"west":{"uv":[4.375,3.9375,4.4375,4],"texture":"#2"},"up":{"uv":[4.5,3.0625,4.4375,3],"texture":"#2"},"down":{"uv":[4.5,3.0625,4.4375,3.125],"texture":"#2"}}},{"from":[-4.9,18.5,-1.8],"to":[-4.2,19.2,-1.4],"rotation":{"angle":0,"axis":"y","origin":[0.1,0,0]},"faces":{"north":{"uv":[4.4375,3.125,4.5,3.1875],"texture":"#2"},"east":{"uv":[4.4375,3.1875,4.5,3.25],"texture":"#2"},"south":{"uv":[4.4375,3.25,4.5,3.3125],"texture":"#2"},"west":{"uv":[4.4375,3.3125,4.5,3.375],"texture":"#2"},"up":{"uv":[4.5,3.4375,4.4375,3.375],"texture":"#2"},"down":{"uv":[4.5,3.4375,4.4375,3.5],"texture":"#2"}}},{"from":[-3.9,18.5,-1.8],"to":[-3.2,19.2,-1.4],"rotation":{"angle":0,"axis":"y","origin":[0.1,0,0]},"faces":{"north":{"uv":[4.4375,3.5,4.5,3.5625],"texture":"#2"},"east":{"uv":[4.4375,3.5625,4.5,3.625],"texture":"#2"},"south":{"uv":[4.4375,3.625,4.5,3.6875],"texture":"#2"},"west":{"uv":[4.4375,3.6875,4.5,3.75],"texture":"#2"},"up":{"uv":[4.5,3.8125,4.4375,3.75],"texture":"#2"},"down":{"uv":[4.5,3.8125,4.4375,3.875],"texture":"#2"}}},{"from":[-3.9,16.5,-1.8],"to":[-3.2,17.2,-1.4],"rotation":{"angle":0,"axis":"y","origin":[0.1,0,0]},"faces":{"north":{"uv":[4.4375,3.875,4.5,3.9375],"texture":"#2"},"east":{"uv":[4.4375,3.9375,4.5,4],"texture":"#2"},"south":{"uv":[4.9375,1.75,5,1.8125],"texture":"#2"},"west":{"uv":[4.9375,1.8125,5,1.875],"texture":"#2"},"up":{"uv":[5,1.9375,4.9375,1.875],"texture":"#2"},"down":{"uv":[5,1.9375,4.9375,2],"texture":"#2"}}}],"display":{"thirdperson_righthand":{"rotation":[32.75,0,0],"translation":[0.5,0.75,-0.5],"scale":[0.2,0.2,0.2]},"thirdperson_lefthand":{"rotation":[32.75,0,0],"translation":[0.5,0.75,-0.5],"scale":[0.2,0.2,0.2]},"firstperson_righthand":{"rotation":[0,172,0],"translation":[0,3.25,0],"scale":[0.2,0.2,0.2]},"firstperson_lefthand":{"rotation":[0,172,0],"translation":[0,3.25,0],"scale":[0.2,0.2,0.2]},"ground":{"translation":[0,2.5,0],"scale":[0.2,0.2,0.2]},"gui":{"rotation":[18.5,-147.25,0],"translation":[-0.25,-0.25,0],"scale":[0.4,0.4,0.4]},"head":{"rotation":[0,-180,0],"translation":[-3.25,-14.75,-1],"scale":[1.3,1.36,1.3]},"fixed":{"translation":[0.5,0,-3],"scale":[0.45,0.45,0.45]}}}