{"textures":{"0":"modelengine:entity/vending_bot"},"elements":[{"from":[10.285714,12.571428,5.885714],"to":[11.942858,15.142858,7.028571],"rotation":{"angle":0.0,"axis":"y","origin":[8.285714,8.0,7.428571]},"faces":{"east":{"uv":[1.625,8.125,1.875,8.6875],"rotation":0,"texture":"#0","tintindex":0},"south":{"uv":[0.0,7.875,0.375,8.4375],"rotation":0,"texture":"#0","tintindex":0},"north":{"uv":[5.0,7.625,5.375,8.1875],"rotation":0,"texture":"#0","tintindex":0},"west":{"uv":[1.875,8.125,2.125,8.6875],"rotation":0,"texture":"#0","tintindex":0},"up":{"uv":[1.25,8.625,0.875,8.375],"rotation":0,"texture":"#0","tintindex":0},"down":{"uv":[1.625,8.375,1.25,8.625],"rotation":0,"texture":"#0","tintindex":0}}},{"from":[13.428572,13.057143,5.9142857],"to":[14.742857,13.457144,6.988571],"rotation":{"angle":22.5,"axis":"z","origin":[8.285714,8.0,7.428571]},"faces":{"east":{"uv":[9.875,6.125,10.125,6.21875],"rotation":0,"texture":"#0","tintindex":0},"south":{"uv":[9.875,1.625,10.15625,1.71875],"rotation":0,"texture":"#0","tintindex":0},"north":{"uv":[9.875,1.5,10.15625,1.59375],"rotation":0,"texture":"#0","tintindex":0},"west":{"uv":[9.875,6.25,10.125,6.34375],"rotation":0,"texture":"#0","tintindex":0},"up":{"uv":[9.03125,6.5,8.75,6.25],"rotation":0,"texture":"#0","tintindex":0},"down":{"uv":[9.03125,8.5,8.75,8.75],"rotation":0,"texture":"#0","tintindex":0}}},{"from":[11.485714,10.828571,5.9142857],"to":[13.4,11.6285715,6.988571],"rotation":{"angle":22.5,"axis":"z","origin":[8.285714,8.0,7.428571]},"faces":{"east":{"uv":[5.0,9.375,5.25,9.5625],"rotation":0,"texture":"#0","tintindex":0},"south":{"uv":[0.875,8.625,1.28125,8.8125],"rotation":0,"texture":"#0","tintindex":0},"north":{"uv":[8.5,7.625,8.90625,7.8125],"rotation":0,"texture":"#0","tintindex":0},"west":{"uv":[9.375,5.375,9.625,5.5625],"rotation":0,"texture":"#0","tintindex":0},"up":{"uv":[1.28125,5.625,0.875,5.375],"rotation":0,"texture":"#0","tintindex":0},"down":{"uv":[8.65625,6.25,8.25,6.5],"rotation":0,"texture":"#0","tintindex":0}}},{"from":[10.685715,15.142858,5.885714],"to":[12.342857,20.342857,7.028571],"rotation":{"angle":0.0,"axis":"y","origin":[8.285714,8.0,7.428571]},"faces":{"east":{"uv":[1.375,7.125,1.625,8.25],"rotation":0,"texture":"#0","tintindex":0},"south":{"uv":[1.0,7.125,1.375,8.25],"rotation":0,"texture":"#0","tintindex":0},"north":{"uv":[0.625,7.125,1.0,8.25],"rotation":0,"texture":"#0","tintindex":0},"west":{"uv":[2.5,7.5,2.75,8.625],"rotation":0,"texture":"#0","tintindex":0},"up":{"uv":[8.75,3.875,8.375,3.625],"rotation":0,"texture":"#0","tintindex":0},"down":{"uv":[6.125,8.375,5.75,8.625],"rotation":0,"texture":"#0","tintindex":0}}}],"display":{"head":{"translation":[0.0,-6.4,0.0],"scale":[4.0,4.0,4.0]}}}