{"textures":{"0":"modelengine:entity/vending_bot"},"elements":[{"from":[6.1142855,18.114286,15.028572],"to":[6.5142856,19.542858,15.428572],"rotation":{"angle":-45.0,"axis":"x","origin":[8.0,8.0,8.0]},"faces":{"east":{"uv":[4.375,9.75,4.46875,10.0625],"rotation":0,"texture":"#0","tintindex":0},"south":{"uv":[4.625,9.75,4.71875,10.0625],"rotation":0,"texture":"#0","tintindex":0},"north":{"uv":[4.25,9.75,4.34375,10.0625],"rotation":0,"texture":"#0","tintindex":0},"west":{"uv":[4.75,9.75,4.84375,10.0625],"rotation":0,"texture":"#0","tintindex":0},"up":{"uv":[10.34375,0.96875,10.25,0.875],"rotation":0,"texture":"#0","tintindex":0},"down":{"uv":[1.09375,10.25,1.0,10.34375],"rotation":0,"texture":"#0","tintindex":0}}},{"from":[5.714286,21.885715,5.142857],"to":[10.285714,23.657143,10.857143],"rotation":{"angle":0.0,"axis":"y","origin":[8.0,8.571428,8.0]},"faces":{"east":{"uv":[7.0,0.5,8.25,0.875],"rotation":0,"texture":"#0","tintindex":0},"south":{"uv":[7.375,3.625,8.375,4.0],"rotation":0,"texture":"#0","tintindex":0},"north":{"uv":[7.25,6.25,8.25,6.625],"rotation":0,"texture":"#0","tintindex":0},"west":{"uv":[7.0,2.75,8.25,3.125],"rotation":0,"texture":"#0","tintindex":0},"up":{"uv":[2.5,5.625,1.5,4.375],"rotation":0,"texture":"#0","tintindex":0},"down":{"uv":[6.0,3.25,5.0,4.5],"rotation":0,"texture":"#0","tintindex":0}}},{"from":[9.514286,15.085714,-3.5314293],"to":[9.857143,16.457144,-3.1314287],"rotation":{"angle":45.0,"axis":"x","origin":[8.0,8.0,8.0]},"faces":{"east":{"uv":[6.625,9.75,6.71875,10.0625],"rotation":0,"texture":"#0","tintindex":0},"south":{"uv":[9.875,9.75,9.9375,10.0625],"rotation":0,"texture":"#0","tintindex":0},"north":{"uv":[9.875,9.375,9.9375,9.6875],"rotation":0,"texture":"#0","tintindex":0},"west":{"uv":[6.75,9.75,6.84375,10.0625],"rotation":0,"texture":"#0","tintindex":0},"up":{"uv":[3.5625,10.34375,3.5,10.25],"rotation":0,"texture":"#0","tintindex":0},"down":{"uv":[3.6875,10.25,3.625,10.34375],"rotation":0,"texture":"#0","tintindex":0}}},{"from":[9.485714,18.114286,15.028572],"to":[9.885715,19.542858,15.428572],"rotation":{"angle":-45.0,"axis":"x","origin":[8.0,8.0,8.0]},"faces":{"east":{"uv":[5.5,9.75,5.59375,10.0625],"rotation":0,"texture":"#0","tintindex":0},"south":{"uv":[5.625,9.75,5.71875,10.0625],"rotation":0,"texture":"#0","tintindex":0},"north":{"uv":[5.375,9.75,5.46875,10.0625],"rotation":0,"texture":"#0","tintindex":0},"west":{"uv":[5.75,9.75,5.84375,10.0625],"rotation":0,"texture":"#0","tintindex":0},"up":{"uv":[10.34375,1.21875,10.25,1.125],"rotation":0,"texture":"#0","tintindex":0},"down":{"uv":[1.34375,10.25,1.25,10.34375],"rotation":0,"texture":"#0","tintindex":0}}},{"from":[6.142857,15.085714,-3.5314293],"to":[6.485714,16.457144,-3.1314287],"rotation":{"angle":45.0,"axis":"x","origin":[8.0,8.0,8.0]},"faces":{"east":{"uv":[6.375,9.75,6.46875,10.0625],"rotation":0,"texture":"#0","tintindex":0},"south":{"uv":[9.25,9.875,9.3125,10.1875],"rotation":0,"texture":"#0","tintindex":0},"north":{"uv":[9.875,9.0,9.9375,9.3125],"rotation":0,"texture":"#0","tintindex":0},"west":{"uv":[6.5,9.75,6.59375,10.0625],"rotation":0,"texture":"#0","tintindex":0},"up":{"uv":[3.3125,10.34375,3.25,10.25],"rotation":0,"texture":"#0","tintindex":0},"down":{"uv":[3.4375,10.25,3.375,10.34375],"rotation":0,"texture":"#0","tintindex":0}}},{"from":[6.142857,15.085714,19.131428],"to":[6.485714,16.457144,19.53143],"rotation":{"angle":-45.0,"axis":"x","origin":[8.0,8.0,8.0]},"faces":{"east":{"uv":[7.125,9.75,7.21875,10.0625],"rotation":0,"texture":"#0","tintindex":0},"south":{"uv":[0.5,10.0,0.5625,10.3125],"rotation":0,"texture":"#0","tintindex":0},"north":{"uv":[10.0,0.375,10.0625,0.6875],"rotation":0,"texture":"#0","tintindex":0},"west":{"uv":[7.625,9.75,7.71875,10.0625],"rotation":0,"texture":"#0","tintindex":0},"up":{"uv":[10.3125,3.96875,10.25,3.875],"rotation":0,"texture":"#0","tintindex":0},"down":{"uv":[4.0625,10.25,4.0,10.34375],"rotation":0,"texture":"#0","tintindex":0}}},{"from":[6.1142855,18.114286,0.5714283],"to":[6.5142856,19.542858,0.9714279],"rotation":{"angle":45.0,"axis":"x","origin":[8.0,8.0,8.0]},"faces":{"east":{"uv":[5.0,9.75,5.09375,10.0625],"rotation":0,"texture":"#0","tintindex":0},"south":{"uv":[5.125,9.75,5.21875,10.0625],"rotation":0,"texture":"#0","tintindex":0},"north":{"uv":[4.875,9.75,4.96875,10.0625],"rotation":0,"texture":"#0","tintindex":0},"west":{"uv":[5.25,9.75,5.34375,10.0625],"rotation":0,"texture":"#0","tintindex":0},"up":{"uv":[10.34375,1.09375,10.25,1.0],"rotation":0,"texture":"#0","tintindex":0},"down":{"uv":[1.21875,10.25,1.125,10.34375],"rotation":0,"texture":"#0","tintindex":0}}},{"from":[9.485714,18.114286,0.5714283],"to":[9.885715,19.542858,0.9714279],"rotation":{"angle":45.0,"axis":"x","origin":[8.0,8.0,8.0]},"faces":{"east":{"uv":[6.0,9.75,6.09375,10.0625],"rotation":0,"texture":"#0","tintindex":0},"south":{"uv":[6.125,9.75,6.21875,10.0625],"rotation":0,"texture":"#0","tintindex":0},"north":{"uv":[5.875,9.75,5.96875,10.0625],"rotation":0,"texture":"#0","tintindex":0},"west":{"uv":[6.25,9.75,6.34375,10.0625],"rotation":0,"texture":"#0","tintindex":0},"up":{"uv":[10.34375,1.34375,10.25,1.25],"rotation":0,"texture":"#0","tintindex":0},"down":{"uv":[1.46875,10.25,1.375,10.34375],"rotation":0,"texture":"#0","tintindex":0}}},{"from":[9.514286,15.085714,19.131428],"to":[9.857143,16.457144,19.53143],"rotation":{"angle":-45.0,"axis":"x","origin":[8.0,8.0,8.0]},"faces":{"east":{"uv":[6.875,9.75,6.96875,10.0625],"rotation":0,"texture":"#0","tintindex":0},"south":{"uv":[0.375,10.0,0.4375,10.3125],"rotation":0,"texture":"#0","tintindex":0},"north":{"uv":[0.25,10.0,0.3125,10.3125],"rotation":0,"texture":"#0","tintindex":0},"west":{"uv":[7.0,9.75,7.09375,10.0625],"rotation":0,"texture":"#0","tintindex":0},"up":{"uv":[3.8125,10.34375,3.75,10.25],"rotation":0,"texture":"#0","tintindex":0},"down":{"uv":[3.9375,10.25,3.875,10.34375],"rotation":0,"texture":"#0","tintindex":0}}}],"display":{"head":{"translation":[0.0,-6.4,0.0],"scale":[4.0,4.0,4.0]}}}