{"textures":{"0":"modelengine:entity/vending_bot"},"elements":[{"from":[4.742857,20.028572,6.1142855],"to":[11.314286,20.668571,10.285714],"rotation":{"angle":0.0,"axis":"y","origin":[8.0,8.0,8.0]},"faces":{"east":{"uv":[8.25,3.0,9.15625,3.125],"rotation":0,"texture":"#0","tintindex":0},"south":{"uv":[8.125,5.25,9.5625,5.375],"rotation":0,"texture":"#0","tintindex":0},"north":{"uv":[8.125,5.125,9.5625,5.25],"rotation":0,"texture":"#0","tintindex":0},"west":{"uv":[5.75,8.25,6.65625,8.375],"rotation":0,"texture":"#0","tintindex":0},"up":{"uv":[5.6875,3.15625,4.25,2.25],"rotation":0,"texture":"#0","tintindex":0},"down":{"uv":[1.4375,4.375,0.0,5.28125],"rotation":0,"texture":"#0","tintindex":0}}},{"from":[4.742857,19.8,10.285714],"to":[11.314286,20.44,11.085714],"rotation":{"angle":-22.5,"axis":"x","origin":[8.0,8.0,8.0]},"faces":{"east":{"uv":[9.875,6.375,10.0625,6.5],"rotation":0,"texture":"#0","tintindex":0},"south":{"uv":[8.125,5.875,9.5625,6.0],"rotation":0,"texture":"#0","tintindex":0},"north":{"uv":[8.125,5.75,9.5625,5.875],"rotation":0,"texture":"#0","tintindex":0},"west":{"uv":[9.875,6.625,10.0625,6.75],"rotation":0,"texture":"#0","tintindex":0},"up":{"uv":[9.4375,3.3125,8.0,3.125],"rotation":0,"texture":"#0","tintindex":0},"down":{"uv":[9.4375,3.375,8.0,3.5625],"rotation":0,"texture":"#0","tintindex":0}}},{"from":[0.34285688,15.314286,7.2],"to":[1.4857144,15.3714285,8.8],"rotation":{"angle":-22.5,"axis":"z","origin":[7.428571,8.0,8.0]},"faces":{"east":{"uv":[10.125,9.5,10.46875,9.53125],"rotation":0,"texture":"#0","tintindex":0},"south":{"uv":[2.0,10.25,2.25,10.28125],"rotation":0,"texture":"#0","tintindex":0},"north":{"uv":[10.25,1.875,10.5,1.90625],"rotation":0,"texture":"#0","tintindex":0},"west":{"uv":[9.625,10.125,9.96875,10.15625],"rotation":0,"texture":"#0","tintindex":0},"up":{"uv":[6.0,3.21875,5.75,2.875],"rotation":0,"texture":"#0","tintindex":0},"down":{"uv":[0.625,7.875,0.375,8.21875],"rotation":0,"texture":"#0","tintindex":0}}},{"from":[5.142857,16.57143,6.0],"to":[10.971429,16.742859,8.571428],"rotation":{"angle":0.0,"axis":"y","origin":[8.0,8.0,8.0]},"faces":{"east":{"uv":[10.0,7.375,10.5625,7.40625],"rotation":0,"texture":"#0","tintindex":0},"south":{"uv":[9.375,7.75,10.65625,7.78125],"rotation":0,"texture":"#0","tintindex":0},"north":{"uv":[9.375,7.625,10.65625,7.65625],"rotation":0,"texture":"#0","tintindex":0},"west":{"uv":[10.0,7.5,10.5625,7.53125],"rotation":0,"texture":"#0","tintindex":0},"up":{"uv":[7.28125,4.3125,6.0,3.75],"rotation":0,"texture":"#0","tintindex":0},"down":{"uv":[4.78125,6.125,3.5,6.6875],"rotation":0,"texture":"#0","tintindex":0}}},{"from":[5.142857,18.228573,6.0],"to":[10.971429,18.400002,8.571428],"rotation":{"angle":0.0,"axis":"y","origin":[8.0,8.0,8.0]},"faces":{"east":{"uv":[7.75,10.0,8.3125,10.03125],"rotation":0,"texture":"#0","tintindex":0},"south":{"uv":[9.375,8.0,10.65625,8.03125],"rotation":0,"texture":"#0","tintindex":0},"north":{"uv":[9.375,7.875,10.65625,7.90625],"rotation":0,"texture":"#0","tintindex":0},"west":{"uv":[10.0,8.125,10.5625,8.15625],"rotation":0,"texture":"#0","tintindex":0},"up":{"uv":[7.53125,4.9375,6.25,4.375],"rotation":0,"texture":"#0","tintindex":0},"down":{"uv":[7.15625,6.25,5.875,6.8125],"rotation":0,"texture":"#0","tintindex":0}}},{"from":[8.228572,19.6,7.2],"to":[9.3714285,19.657143,8.8],"rotation":{"angle":22.5,"axis":"z","origin":[7.428571,8.0,8.0]},"faces":{"east":{"uv":[10.0,10.125,10.34375,10.15625],"rotation":0,"texture":"#0","tintindex":0},"south":{"uv":[10.25,2.25,10.5,2.28125],"rotation":0,"texture":"#0","tintindex":0},"north":{"uv":[2.25,10.25,2.5,10.28125],"rotation":0,"texture":"#0","tintindex":0},"west":{"uv":[10.25,0.0,10.59375,0.03125],"rotation":0,"texture":"#0","tintindex":0},"up":{"uv":[6.75,8.71875,6.5,8.375],"rotation":0,"texture":"#0","tintindex":0},"down":{"uv":[2.375,8.5,2.125,8.84375],"rotation":0,"texture":"#0","tintindex":0}}}],"display":{"head":{"translation":[0.0,-6.4,0.0],"scale":[4.0,4.0,4.0]}}}