{"textures":{"0":"modelengine:entity/vending_bot"},"elements":[{"from":[4.0,22.057144,4.0],"to":[12.0,23.828571,12.571428],"rotation":{"angle":0.0,"axis":"y","origin":[8.0,8.342857,8.0]},"faces":{"east":{"uv":[6.25,5.0,8.125,5.375],"rotation":0,"texture":"#0","tintindex":0},"south":{"uv":[6.75,2.0,8.5,2.375],"rotation":0,"texture":"#0","tintindex":0},"north":{"uv":[0.0,6.75,1.75,7.125],"rotation":0,"texture":"#0","tintindex":0},"west":{"uv":[6.375,0.875,8.25,1.25],"rotation":0,"texture":"#0","tintindex":0},"up":{"uv":[1.75,1.875,0.0,0.0],"rotation":0,"texture":"#0","tintindex":0},"down":{"uv":[3.5,0.0,1.75,1.875],"rotation":0,"texture":"#0","tintindex":0}}},{"from":[3.9428568,22.57143,9.542857],"to":[12.057143,24.285715,11.142858],"rotation":{"angle":-22.5,"axis":"x","origin":[8.0,8.342857,8.0]},"faces":{"east":{"uv":[8.25,1.625,8.59375,2.0],"rotation":0,"texture":"#0","tintindex":0},"south":{"uv":[6.375,1.625,8.15625,2.0],"rotation":0,"texture":"#0","tintindex":0},"north":{"uv":[6.375,1.25,8.15625,1.625],"rotation":0,"texture":"#0","tintindex":0},"west":{"uv":[2.75,8.25,3.09375,8.625],"rotation":0,"texture":"#0","tintindex":0},"up":{"uv":[8.53125,2.71875,6.75,2.375],"rotation":0,"texture":"#0","tintindex":0},"down":{"uv":[8.65625,5.375,6.875,5.71875],"rotation":0,"texture":"#0","tintindex":0}}}],"display":{"head":{"translation":[0.0,-6.4,0.0],"scale":[4.0,4.0,4.0]}}}