{"textures":{"0":"modelengine:entity/vending_bot"},"elements":[{"from":[5.942857,4.8,6.0571427],"to":[6.457143,5.3142858,9.142858],"rotation":{"angle":0.0,"axis":"y","origin":[10.514286,-2.285715,8.0]},"faces":{"east":{"uv":[8.5,2.0,9.1875,2.125],"rotation":0,"texture":"#0","tintindex":0},"south":{"uv":[10.0,9.125,10.125,9.25],"rotation":0,"texture":"#0","tintindex":0},"north":{"uv":[9.125,10.0,9.25,10.125],"rotation":0,"texture":"#0","tintindex":0},"west":{"uv":[8.5,2.125,9.1875,2.25],"rotation":0,"texture":"#0","tintindex":0},"up":{"uv":[4.25,1.8125,4.125,1.125],"rotation":0,"texture":"#0","tintindex":0},"down":{"uv":[1.75,7.125,1.625,7.8125],"rotation":0,"texture":"#0","tintindex":0}}},{"from":[5.942857,4.0571427,11.542857],"to":[6.457143,6.9142857,12.057143],"rotation":{"angle":-22.5,"axis":"x","origin":[10.514286,-2.285715,8.0]},"faces":{"east":{"uv":[5.25,8.5,5.375,9.125],"rotation":0,"texture":"#0","tintindex":0},"south":{"uv":[5.375,8.5,5.5,9.125],"rotation":0,"texture":"#0","tintindex":0},"north":{"uv":[5.125,8.5,5.25,9.125],"rotation":0,"texture":"#0","tintindex":0},"west":{"uv":[5.5,8.5,5.625,9.125],"rotation":0,"texture":"#0","tintindex":0},"up":{"uv":[9.125,10.125,9.0,10.0],"rotation":0,"texture":"#0","tintindex":0},"down":{"uv":[10.125,9.0,10.0,9.125],"rotation":0,"texture":"#0","tintindex":0}}},{"from":[6.1714287,7.6,7.714286],"to":[7.3142858,8.171429,8.342857],"rotation":{"angle":0.0,"axis":"y","origin":[10.514286,-2.285715,8.0]},"faces":{"east":{"uv":[8.75,10.0,8.875,10.125],"rotation":0,"texture":"#0","tintindex":0},"south":{"uv":[9.625,5.5,9.875,5.625],"rotation":0,"texture":"#0","tintindex":0},"north":{"uv":[9.625,5.375,9.875,5.5],"rotation":0,"texture":"#0","tintindex":0},"west":{"uv":[8.875,10.0,9.0,10.125],"rotation":0,"texture":"#0","tintindex":0},"up":{"uv":[9.875,5.875,9.625,5.75],"rotation":0,"texture":"#0","tintindex":0},"down":{"uv":[9.875,5.875,9.625,6.0],"rotation":0,"texture":"#0","tintindex":0}}},{"from":[5.8285713,4.5714283,8.514286],"to":[6.5714283,5.485714,9.3714285],"rotation":{"angle":0.0,"axis":"y","origin":[10.514286,-2.285715,8.0]},"faces":{"east":{"uv":[5.375,9.5,5.5625,9.6875],"rotation":0,"texture":"#0","tintindex":0},"south":{"uv":[8.75,9.75,8.90625,9.9375],"rotation":0,"texture":"#0","tintindex":0},"north":{"uv":[8.375,9.75,8.53125,9.9375],"rotation":0,"texture":"#0","tintindex":0},"west":{"uv":[5.625,9.5,5.8125,9.6875],"rotation":0,"texture":"#0","tintindex":0},"up":{"uv":[9.15625,9.9375,9.0,9.75],"rotation":0,"texture":"#0","tintindex":0},"down":{"uv":[9.53125,9.75,9.375,9.9375],"rotation":0,"texture":"#0","tintindex":0}}},{"from":[6.342857,4.9714284,7.6571426],"to":[6.5142856,5.485714,7.7714286],"rotation":{"angle":-22.5,"axis":"x","origin":[10.514286,-2.285715,8.0]},"faces":{"east":{"uv":[6.25,10.25,6.28125,10.375],"rotation":0,"texture":"#0","tintindex":0},"south":{"uv":[6.375,10.25,6.40625,10.375],"rotation":0,"texture":"#0","tintindex":0},"north":{"uv":[6.125,10.25,6.15625,10.375],"rotation":0,"texture":"#0","tintindex":0},"west":{"uv":[6.5,10.25,6.53125,10.375],"rotation":0,"texture":"#0","tintindex":0},"up":{"uv":[10.15625,10.28125,10.125,10.25],"rotation":0,"texture":"#0","tintindex":0},"down":{"uv":[10.28125,10.25,10.25,10.28125],"rotation":0,"texture":"#0","tintindex":0}}},{"from":[5.885714,5.3714285,7.6571426],"to":[6.0571427,5.485714,8.342857],"rotation":{"angle":-22.5,"axis":"x","origin":[10.514286,-2.285715,8.0]},"faces":{"east":{"uv":[4.625,10.25,4.78125,10.28125],"rotation":0,"texture":"#0","tintindex":0},"south":{"uv":[0.125,10.375,0.15625,10.40625],"rotation":0,"texture":"#0","tintindex":0},"north":{"uv":[0.0,10.375,0.03125,10.40625],"rotation":0,"texture":"#0","tintindex":0},"west":{"uv":[10.25,4.625,10.40625,4.65625],"rotation":0,"texture":"#0","tintindex":0},"up":{"uv":[4.90625,10.40625,4.875,10.25],"rotation":0,"texture":"#0","tintindex":0},"down":{"uv":[5.03125,10.25,5.0,10.40625],"rotation":0,"texture":"#0","tintindex":0}}},{"from":[6.1142855,4.3999996,10.571428],"to":[6.285714,4.8,10.685715],"rotation":{"angle":-45.0,"axis":"x","origin":[10.514286,-2.285715,8.0]},"faces":{"east":{"uv":[10.25,9.75,10.28125,9.84375],"rotation":0,"texture":"#0","tintindex":0},"south":{"uv":[9.875,10.25,9.90625,10.34375],"rotation":0,"texture":"#0","tintindex":0},"north":{"uv":[9.75,10.25,9.78125,10.34375],"rotation":0,"texture":"#0","tintindex":0},"west":{"uv":[10.25,9.875,10.28125,9.96875],"rotation":0,"texture":"#0","tintindex":0},"up":{"uv":[10.40625,0.28125,10.375,0.25],"rotation":0,"texture":"#0","tintindex":0},"down":{"uv":[0.40625,10.375,0.375,10.40625],"rotation":0,"texture":"#0","tintindex":0}}},{"from":[6.1142855,4.3999996,10.571428],"to":[6.285714,4.5142856,11.257143],"rotation":{"angle":-45.0,"axis":"x","origin":[10.514286,-2.285715,8.0]},"faces":{"east":{"uv":[10.25,4.75,10.40625,4.78125],"rotation":0,"texture":"#0","tintindex":0},"south":{"uv":[0.5,10.375,0.53125,10.40625],"rotation":0,"texture":"#0","tintindex":0},"north":{"uv":[10.375,0.375,10.40625,0.40625],"rotation":0,"texture":"#0","tintindex":0},"west":{"uv":[10.25,5.0,10.40625,5.03125],"rotation":0,"texture":"#0","tintindex":0},"up":{"uv":[5.15625,10.40625,5.125,10.25],"rotation":0,"texture":"#0","tintindex":0},"down":{"uv":[5.28125,10.25,5.25,10.40625],"rotation":0,"texture":"#0","tintindex":0}}},{"from":[5.885714,4.9714284,7.6571426],"to":[6.0571427,5.485714,7.7714286],"rotation":{"angle":-22.5,"axis":"x","origin":[10.514286,-2.285715,8.0]},"faces":{"east":{"uv":[6.625,10.25,6.65625,10.375],"rotation":0,"texture":"#0","tintindex":0},"south":{"uv":[6.75,10.25,6.78125,10.375],"rotation":0,"texture":"#0","tintindex":0},"north":{"uv":[10.25,6.5,10.28125,6.625],"rotation":0,"texture":"#0","tintindex":0},"west":{"uv":[6.875,10.25,6.90625,10.375],"rotation":0,"texture":"#0","tintindex":0},"up":{"uv":[10.40625,0.15625,10.375,0.125],"rotation":0,"texture":"#0","tintindex":0},"down":{"uv":[0.28125,10.375,0.25,10.40625],"rotation":0,"texture":"#0","tintindex":0}}},{"from":[5.8285713,4.8571424,8.285714],"to":[6.5714283,5.542857,9.2],"rotation":{"angle":-22.5,"axis":"x","origin":[10.514286,-2.285715,8.0]},"faces":{"east":{"uv":[9.625,9.75,9.8125,9.90625],"rotation":0,"texture":"#0","tintindex":0},"south":{"uv":[9.875,5.75,10.03125,5.90625],"rotation":0,"texture":"#0","tintindex":0},"north":{"uv":[9.875,5.25,10.03125,5.40625],"rotation":0,"texture":"#0","tintindex":0},"west":{"uv":[0.0,9.875,0.1875,10.03125],"rotation":0,"texture":"#0","tintindex":0},"up":{"uv":[10.03125,0.3125,9.875,0.125],"rotation":0,"texture":"#0","tintindex":0},"down":{"uv":[0.78125,9.875,0.625,10.0625],"rotation":0,"texture":"#0","tintindex":0}}},{"from":[6.342857,5.3714285,7.6571426],"to":[6.5142856,5.485714,8.342857],"rotation":{"angle":-22.5,"axis":"x","origin":[10.514286,-2.285715,8.0]},"faces":{"east":{"uv":[10.25,4.0,10.40625,4.03125],"rotation":0,"texture":"#0","tintindex":0},"south":{"uv":[10.25,10.0,10.28125,10.03125],"rotation":0,"texture":"#0","tintindex":0},"north":{"uv":[10.0,10.25,10.03125,10.28125],"rotation":0,"texture":"#0","tintindex":0},"west":{"uv":[4.125,10.25,4.28125,10.28125],"rotation":0,"texture":"#0","tintindex":0},"up":{"uv":[4.40625,10.40625,4.375,10.25],"rotation":0,"texture":"#0","tintindex":0},"down":{"uv":[4.53125,10.25,4.5,10.40625],"rotation":0,"texture":"#0","tintindex":0}}},{"from":[5.8285713,7.428571,7.542857],"to":[6.5714283,8.342857,8.4],"rotation":{"angle":0.0,"axis":"y","origin":[10.514286,-2.285715,8.0]},"faces":{"east":{"uv":[4.625,9.5,4.8125,9.6875],"rotation":0,"texture":"#0","tintindex":0},"south":{"uv":[9.75,7.375,9.90625,7.5625],"rotation":0,"texture":"#0","tintindex":0},"north":{"uv":[9.75,4.625,9.90625,4.8125],"rotation":0,"texture":"#0","tintindex":0},"west":{"uv":[9.5,4.625,9.6875,4.8125],"rotation":0,"texture":"#0","tintindex":0},"up":{"uv":[7.90625,9.9375,7.75,9.75],"rotation":0,"texture":"#0","tintindex":0},"down":{"uv":[9.90625,8.125,9.75,8.3125],"rotation":0,"texture":"#0","tintindex":0}}},{"from":[7.3142858,7.3142858,7.428571],"to":[8.457143,8.457143,8.571428],"rotation":{"angle":0.0,"axis":"y","origin":[10.514286,-2.285715,8.0]},"faces":{"east":{"uv":[0.875,9.375,1.125,9.625],"rotation":0,"texture":"#0","tintindex":0},"south":{"uv":[1.625,9.375,1.875,9.625],"rotation":0,"texture":"#0","tintindex":0},"north":{"uv":[8.75,9.25,9.0,9.5],"rotation":0,"texture":"#0","tintindex":0},"west":{"uv":[1.875,9.375,2.125,9.625],"rotation":0,"texture":"#0","tintindex":0},"up":{"uv":[9.625,2.5,9.375,2.25],"rotation":0,"texture":"#0","tintindex":0},"down":{"uv":[2.625,9.375,2.375,9.625],"rotation":0,"texture":"#0","tintindex":0}}}],"display":{"head":{"translation":[0.0,-6.4,0.0],"scale":[4.0,4.0,4.0]}}}