{"textures":{"0":"modelengine:entity/vending_bot"},"elements":[{"from":[7.6,7.3428574,7.8285713],"to":[8.457143,7.6857142,8.171429],"rotation":{"angle":0.0,"axis":"y","origin":[8.971429,6.942857,7.542857]},"faces":{"east":{"uv":[10.25,5.125,10.3125,5.1875],"rotation":0,"texture":"#0","tintindex":0},"south":{"uv":[0.625,10.125,0.8125,10.1875],"rotation":0,"texture":"#0","tintindex":0},"north":{"uv":[10.125,0.5,10.3125,0.5625],"rotation":0,"texture":"#0","tintindex":0},"west":{"uv":[5.375,10.25,5.4375,10.3125],"rotation":0,"texture":"#0","tintindex":0},"up":{"uv":[10.3125,0.6875,10.125,0.625],"rotation":0,"texture":"#0","tintindex":0},"down":{"uv":[1.0625,10.125,0.875,10.1875],"rotation":0,"texture":"#0","tintindex":0}}},{"from":[7.3714285,6.6571426,7.428571],"to":[8.6285715,7.285714,8.571428],"rotation":{"angle":0.0,"axis":"y","origin":[8.971429,6.942857,7.542857]},"faces":{"east":{"uv":[6.0,4.375,6.25,4.5],"rotation":0,"texture":"#0","tintindex":0},"south":{"uv":[9.5,2.125,9.78125,2.25],"rotation":0,"texture":"#0","tintindex":0},"north":{"uv":[9.5,2.0,9.78125,2.125],"rotation":0,"texture":"#0","tintindex":0},"west":{"uv":[6.75,2.75,7.0,2.875],"rotation":0,"texture":"#0","tintindex":0},"up":{"uv":[8.90625,1.875,8.625,1.625],"rotation":0,"texture":"#0","tintindex":0},"down":{"uv":[8.90625,2.375,8.625,2.625],"rotation":0,"texture":"#0","tintindex":0}}},{"from":[7.3714285,6.017143,8.057143],"to":[8.6285715,6.6457143,9.2],"rotation":{"angle":-45.0,"axis":"x","origin":[8.971429,6.942857,7.542857]},"faces":{"east":{"uv":[7.375,4.25,7.625,4.375],"rotation":0,"texture":"#0","tintindex":0},"south":{"uv":[9.5,2.75,9.78125,2.875],"rotation":0,"texture":"#0","tintindex":0},"north":{"uv":[9.5,2.625,9.78125,2.75],"rotation":0,"texture":"#0","tintindex":0},"west":{"uv":[7.125,8.0,7.375,8.125],"rotation":0,"texture":"#0","tintindex":0},"up":{"uv":[2.78125,8.875,2.5,8.625],"rotation":0,"texture":"#0","tintindex":0},"down":{"uv":[8.90625,4.0,8.625,4.25],"rotation":0,"texture":"#0","tintindex":0}}},{"from":[7.3714285,7.457143,8.742857],"to":[8.6285715,8.6,9.3714285],"rotation":{"angle":0.0,"axis":"y","origin":[8.971429,6.942857,7.542857]},"faces":{"east":{"uv":[1.375,5.375,1.5,5.625],"rotation":0,"texture":"#0","tintindex":0},"south":{"uv":[4.625,8.625,4.90625,8.875],"rotation":0,"texture":"#0","tintindex":0},"north":{"uv":[4.25,8.625,4.53125,8.875],"rotation":0,"texture":"#0","tintindex":0},"west":{"uv":[7.25,6.625,7.375,6.875],"rotation":0,"texture":"#0","tintindex":0},"up":{"uv":[9.78125,3.0,9.5,2.875],"rotation":0,"texture":"#0","tintindex":0},"down":{"uv":[9.78125,3.0,9.5,3.125],"rotation":0,"texture":"#0","tintindex":0}}},{"from":[7.3714285,6.8285713,9.3714285],"to":[8.6285715,7.9714284,10.0],"rotation":{"angle":-45.0,"axis":"x","origin":[8.971429,6.942857,7.542857]},"faces":{"east":{"uv":[4.875,7.625,5.0,7.875],"rotation":0,"texture":"#0","tintindex":0},"south":{"uv":[6.0,8.625,6.28125,8.875],"rotation":0,"texture":"#0","tintindex":0},"north":{"uv":[5.625,8.625,5.90625,8.875],"rotation":0,"texture":"#0","tintindex":0},"west":{"uv":[5.875,9.5,6.0,9.75],"rotation":0,"texture":"#0","tintindex":0},"up":{"uv":[3.40625,9.625,3.125,9.5],"rotation":0,"texture":"#0","tintindex":0},"down":{"uv":[9.78125,3.125,9.5,3.25],"rotation":0,"texture":"#0","tintindex":0}}},{"from":[7.3714285,8.782857,7.428571],"to":[8.6285715,9.411428,8.571428],"rotation":{"angle":0.0,"axis":"y","origin":[8.971429,6.942857,7.542857]},"faces":{"east":{"uv":[1.375,8.625,1.625,8.75],"rotation":0,"texture":"#0","tintindex":0},"south":{"uv":[9.5,3.375,9.78125,3.5],"rotation":0,"texture":"#0","tintindex":0},"north":{"uv":[9.5,3.25,9.78125,3.375],"rotation":0,"texture":"#0","tintindex":0},"west":{"uv":[6.5,9.5,6.75,9.625],"rotation":0,"texture":"#0","tintindex":0},"up":{"uv":[8.90625,7.625,8.625,7.375],"rotation":0,"texture":"#0","tintindex":0},"down":{"uv":[8.90625,7.875,8.625,8.125],"rotation":0,"texture":"#0","tintindex":0}}},{"from":[7.3714285,7.457143,6.6285715],"to":[8.6285715,8.6,7.257143],"rotation":{"angle":0.0,"axis":"y","origin":[8.971429,6.942857,8.457143]},"faces":{"east":{"uv":[6.0,9.5,6.125,9.75],"rotation":0,"texture":"#0","tintindex":0},"south":{"uv":[0.0,8.75,0.28125,9.0],"rotation":0,"texture":"#0","tintindex":0},"north":{"uv":[8.375,8.625,8.65625,8.875],"rotation":0,"texture":"#0","tintindex":0},"west":{"uv":[8.75,9.5,8.875,9.75],"rotation":0,"texture":"#0","tintindex":0},"up":{"uv":[3.78125,9.625,3.5,9.5],"rotation":0,"texture":"#0","tintindex":0},"down":{"uv":[9.78125,3.5,9.5,3.625],"rotation":0,"texture":"#0","tintindex":0}}},{"from":[7.3714285,6.017143,6.8],"to":[8.6285715,6.6457143,7.9428573],"rotation":{"angle":45.0,"axis":"x","origin":[8.971429,6.942857,8.457143]},"faces":{"east":{"uv":[0.875,9.625,1.125,9.75],"rotation":0,"texture":"#0","tintindex":0},"south":{"uv":[9.5,3.75,9.78125,3.875],"rotation":0,"texture":"#0","tintindex":0},"north":{"uv":[9.5,3.625,9.78125,3.75],"rotation":0,"texture":"#0","tintindex":0},"west":{"uv":[9.625,5.25,9.875,5.375],"rotation":0,"texture":"#0","tintindex":0},"up":{"uv":[1.65625,9.0,1.375,8.75],"rotation":0,"texture":"#0","tintindex":0},"down":{"uv":[2.03125,8.75,1.75,9.0],"rotation":0,"texture":"#0","tintindex":0}}},{"from":[7.3714285,6.8285713,5.988571],"to":[8.6285715,7.9714284,6.6171427],"rotation":{"angle":45.0,"axis":"x","origin":[8.971429,6.942857,8.457143]},"faces":{"east":{"uv":[8.875,9.5,9.0,9.75],"rotation":0,"texture":"#0","tintindex":0},"south":{"uv":[8.75,4.75,9.03125,5.0],"rotation":0,"texture":"#0","tintindex":0},"north":{"uv":[8.75,3.625,9.03125,3.875],"rotation":0,"texture":"#0","tintindex":0},"west":{"uv":[4.5,9.625,4.625,9.875],"rotation":0,"texture":"#0","tintindex":0},"up":{"uv":[4.53125,9.625,4.25,9.5],"rotation":0,"texture":"#0","tintindex":0},"down":{"uv":[9.78125,4.25,9.5,4.375],"rotation":0,"texture":"#0","tintindex":0}}},{"from":[7.428571,7.1714287,7.142857],"to":[8.342857,8.885715,8.8],"rotation":{"angle":0.0,"axis":"y","origin":[8.971429,6.942857,7.542857]},"faces":{"east":{"uv":[1.75,5.625,2.125,6.0],"rotation":0,"texture":"#0","tintindex":0},"south":{"uv":[8.75,5.375,8.9375,5.75],"rotation":0,"texture":"#0","tintindex":0},"north":{"uv":[2.875,8.625,3.0625,9.0],"rotation":0,"texture":"#0","tintindex":0},"west":{"uv":[2.125,5.625,2.5,6.0],"rotation":0,"texture":"#0","tintindex":0},"up":{"uv":[6.5625,9.125,6.375,8.75],"rotation":0,"texture":"#0","tintindex":0},"down":{"uv":[8.9375,8.125,8.75,8.5],"rotation":0,"texture":"#0","tintindex":0}}},{"from":[7.6,7.742857,7.714286],"to":[8.457143,8.314285,8.285714],"rotation":{"angle":0.0,"axis":"y","origin":[8.971429,6.942857,7.542857]},"faces":{"east":{"uv":[5.625,8.5,5.75,8.625],"rotation":0,"texture":"#0","tintindex":0},"south":{"uv":[9.875,4.875,10.0625,5.0],"rotation":0,"texture":"#0","tintindex":0},"north":{"uv":[9.875,4.25,10.0625,4.375],"rotation":0,"texture":"#0","tintindex":0},"west":{"uv":[6.375,8.625,6.5,8.75],"rotation":0,"texture":"#0","tintindex":0},"up":{"uv":[10.0625,5.625,9.875,5.5],"rotation":0,"texture":"#0","tintindex":0},"down":{"uv":[10.0625,6.0,9.875,6.125],"rotation":0,"texture":"#0","tintindex":0}}},{"from":[7.714286,7.8,7.7714286],"to":[8.571428,8.257143,8.228572],"rotation":{"angle":0.0,"axis":"y","origin":[8.971429,6.942857,7.542857]},"faces":{"east":{"uv":[9.75,10.0,9.84375,10.09375],"rotation":0,"texture":"#0","tintindex":0},"south":{"uv":[10.0,0.75,10.1875,0.84375],"rotation":0,"texture":"#0","tintindex":0},"north":{"uv":[10.0,0.0,10.1875,0.09375],"rotation":0,"texture":"#0","tintindex":0},"west":{"uv":[9.125,10.125,9.21875,10.21875],"rotation":0,"texture":"#0","tintindex":0},"up":{"uv":[1.0625,10.09375,0.875,10.0],"rotation":0,"texture":"#0","tintindex":0},"down":{"uv":[10.1875,0.875,10.0,0.96875],"rotation":0,"texture":"#0","tintindex":0}}},{"from":[7.6,7.857143,7.3142858],"to":[8.457143,8.2,7.6571426],"rotation":{"angle":0.0,"axis":"y","origin":[8.971429,6.942857,7.542857]},"faces":{"east":{"uv":[5.5,10.25,5.5625,10.3125],"rotation":0,"texture":"#0","tintindex":0},"south":{"uv":[1.375,10.125,1.5625,10.1875],"rotation":0,"texture":"#0","tintindex":0},"north":{"uv":[1.125,10.125,1.3125,10.1875],"rotation":0,"texture":"#0","tintindex":0},"west":{"uv":[5.625,10.25,5.6875,10.3125],"rotation":0,"texture":"#0","tintindex":0},"up":{"uv":[1.8125,10.1875,1.625,10.125],"rotation":0,"texture":"#0","tintindex":0},"down":{"uv":[2.0625,10.125,1.875,10.1875],"rotation":0,"texture":"#0","tintindex":0}}},{"from":[7.6,7.857143,8.342857],"to":[8.457143,8.2,8.685715],"rotation":{"angle":0.0,"axis":"y","origin":[8.971429,6.942857,7.542857]},"faces":{"east":{"uv":[10.25,5.625,10.3125,5.6875],"rotation":0,"texture":"#0","tintindex":0},"south":{"uv":[2.125,10.125,2.3125,10.1875],"rotation":0,"texture":"#0","tintindex":0},"north":{"uv":[10.125,2.0,10.3125,2.0625],"rotation":0,"texture":"#0","tintindex":0},"west":{"uv":[5.75,10.25,5.8125,10.3125],"rotation":0,"texture":"#0","tintindex":0},"up":{"uv":[10.3125,2.1875,10.125,2.125],"rotation":0,"texture":"#0","tintindex":0},"down":{"uv":[2.5625,10.125,2.375,10.1875],"rotation":0,"texture":"#0","tintindex":0}}},{"from":[7.6,8.3714285,7.8285713],"to":[8.457143,8.714286,8.171429],"rotation":{"angle":0.0,"axis":"y","origin":[8.971429,6.942857,7.542857]},"faces":{"east":{"uv":[5.875,10.25,5.9375,10.3125],"rotation":0,"texture":"#0","tintindex":0},"south":{"uv":[10.125,2.625,10.3125,2.6875],"rotation":0,"texture":"#0","tintindex":0},"north":{"uv":[2.625,10.125,2.8125,10.1875],"rotation":0,"texture":"#0","tintindex":0},"west":{"uv":[6.0,10.25,6.0625,10.3125],"rotation":0,"texture":"#0","tintindex":0},"up":{"uv":[10.3125,2.8125,10.125,2.75],"rotation":0,"texture":"#0","tintindex":0},"down":{"uv":[3.0625,10.125,2.875,10.1875],"rotation":0,"texture":"#0","tintindex":0}}}],"display":{"head":{"translation":[0.0,-6.4,0.0],"scale":[4.0,4.0,4.0]}}}