{"textures":{"0":"modelengine:entity/vending_bot"},"elements":[{"from":[4.742857,22.400002,3.3142858],"to":[5.542857,22.628572,4.5142856],"rotation":{"angle":0.0,"axis":"y","origin":[8.0,7.9428573,7.9428573]},"faces":{"east":{"uv":[10.0,9.875,10.25,9.9375],"rotation":0,"texture":"#0","tintindex":0},"south":{"uv":[10.125,9.25,10.3125,9.3125],"rotation":0,"texture":"#0","tintindex":0},"north":{"uv":[10.125,9.125,10.3125,9.1875],"rotation":0,"texture":"#0","tintindex":0},"west":{"uv":[10.0,10.0,10.25,10.0625],"rotation":0,"texture":"#0","tintindex":0},"up":{"uv":[7.1875,9.625,7.0,9.375],"rotation":0,"texture":"#0","tintindex":0},"down":{"uv":[7.4375,9.375,7.25,9.625],"rotation":0,"texture":"#0","tintindex":0}}}],"display":{"head":{"translation":[0.0,-6.4,0.0],"scale":[4.0,4.0,4.0]}}}