{"textures":{"0":"modelengine:entity/vending_bot"},"elements":[{"from":[10.457143,23.142857,3.3142858],"to":[11.257143,23.428572,4.5142856],"rotation":{"angle":0.0,"axis":"y","origin":[8.0,7.885714,7.9428573]},"faces":{"east":{"uv":[10.0,8.25,10.25,8.3125],"rotation":0,"texture":"#0","tintindex":0},"south":{"uv":[10.125,0.375,10.3125,0.4375],"rotation":0,"texture":"#0","tintindex":0},"north":{"uv":[10.125,0.25,10.3125,0.3125],"rotation":0,"texture":"#0","tintindex":0},"west":{"uv":[8.375,10.0,8.625,10.0625],"rotation":0,"texture":"#0","tintindex":0},"up":{"uv":[9.5625,4.125,9.375,3.875],"rotation":0,"texture":"#0","tintindex":0},"down":{"uv":[4.1875,9.375,4.0,9.625],"rotation":0,"texture":"#0","tintindex":0}}}],"display":{"head":{"translation":[0.0,-6.4,0.0],"scale":[4.0,4.0,4.0]}}}