{"textures":{"0":"modelengine:entity/vending_bot"},"elements":[{"from":[4.742857,23.2,3.3142858],"to":[5.542857,23.485714,4.5142856],"rotation":{"angle":0.0,"axis":"y","origin":[8.0,7.9428573,7.9428573]},"faces":{"east":{"uv":[0.0,10.125,0.25,10.1875],"rotation":0,"texture":"#0","tintindex":0},"south":{"uv":[10.125,9.375,10.3125,9.4375],"rotation":0,"texture":"#0","tintindex":0},"north":{"uv":[9.375,10.125,9.5625,10.1875],"rotation":0,"texture":"#0","tintindex":0},"west":{"uv":[10.125,0.125,10.375,0.1875],"rotation":0,"texture":"#0","tintindex":0},"up":{"uv":[9.5625,7.625,9.375,7.375],"rotation":0,"texture":"#0","tintindex":0},"down":{"uv":[7.6875,9.375,7.5,9.625],"rotation":0,"texture":"#0","tintindex":0}}}],"display":{"head":{"translation":[0.0,-6.4,0.0],"scale":[4.0,4.0,4.0]}}}