{"textures":{"0":"modelengine:entity/vending_bot"},"elements":[{"from":[10.285714,22.342857,3.485714],"to":[11.428572,23.485714,4.2285714],"rotation":{"angle":0.0,"axis":"y","origin":[8.0,8.457143,7.9428573]},"faces":{"east":{"uv":[8.5,9.375,8.65625,9.625],"rotation":0,"texture":"#0","tintindex":0},"south":{"uv":[9.25,2.875,9.5,3.125],"rotation":0,"texture":"#0","tintindex":0},"north":{"uv":[5.5,2.0,5.75,2.25],"rotation":0,"texture":"#0","tintindex":0},"west":{"uv":[9.5,0.0,9.65625,0.25],"rotation":0,"texture":"#0","tintindex":0},"up":{"uv":[9.75,0.40625,9.5,0.25],"rotation":0,"texture":"#0","tintindex":0},"down":{"uv":[0.625,9.5,0.375,9.65625],"rotation":0,"texture":"#0","tintindex":0}}},{"from":[10.514286,22.57143,3.371428],"to":[11.2,23.257145,4.1142855],"rotation":{"angle":0.0,"axis":"y","origin":[8.0,8.457143,7.9428573]},"faces":{"east":{"uv":[2.0,9.875,2.15625,10.03125],"rotation":0,"texture":"#0","tintindex":0},"south":{"uv":[9.875,2.0,10.03125,2.15625],"rotation":0,"texture":"#0","tintindex":0},"north":{"uv":[1.75,9.875,1.90625,10.03125],"rotation":0,"texture":"#0","tintindex":0},"west":{"uv":[9.875,2.625,10.03125,2.78125],"rotation":0,"texture":"#0","tintindex":0},"up":{"uv":[2.90625,10.03125,2.75,9.875],"rotation":0,"texture":"#0","tintindex":0},"down":{"uv":[10.03125,2.875,9.875,3.03125],"rotation":0,"texture":"#0","tintindex":0}}},{"from":[4.5714283,22.400002,3.485714],"to":[5.714286,23.542858,4.2285714],"rotation":{"angle":0.0,"axis":"y","origin":[8.0,8.514286,7.9428573]},"faces":{"east":{"uv":[0.625,9.5,0.78125,9.75],"rotation":0,"texture":"#0","tintindex":0},"south":{"uv":[9.25,4.5,9.5,4.75],"rotation":0,"texture":"#0","tintindex":0},"north":{"uv":[9.25,4.25,9.5,4.5],"rotation":0,"texture":"#0","tintindex":0},"west":{"uv":[1.25,9.5,1.40625,9.75],"rotation":0,"texture":"#0","tintindex":0},"up":{"uv":[9.75,1.65625,9.5,1.5],"rotation":0,"texture":"#0","tintindex":0},"down":{"uv":[9.75,1.75,9.5,1.90625],"rotation":0,"texture":"#0","tintindex":0}}},{"from":[4.8,22.628572,3.371428],"to":[5.485714,23.314285,4.1142855],"rotation":{"angle":0.0,"axis":"y","origin":[8.0,8.514286,7.9428573]},"faces":{"east":{"uv":[9.875,3.125,10.03125,3.28125],"rotation":0,"texture":"#0","tintindex":0},"south":{"uv":[9.875,3.375,10.03125,3.53125],"rotation":0,"texture":"#0","tintindex":0},"north":{"uv":[3.0,9.875,3.15625,10.03125],"rotation":0,"texture":"#0","tintindex":0},"west":{"uv":[3.5,9.875,3.65625,10.03125],"rotation":0,"texture":"#0","tintindex":0},"up":{"uv":[10.03125,3.78125,9.875,3.625],"rotation":0,"texture":"#0","tintindex":0},"down":{"uv":[3.90625,9.875,3.75,10.03125],"rotation":0,"texture":"#0","tintindex":0}}}],"display":{"head":{"translation":[0.0,-6.4,0.0],"scale":[4.0,4.0,4.0]}}}