{"textures":{"0":"modelengine:entity/vending_bot"},"elements":[{"from":[9.428572,9.142858,10.4],"to":[10.0,9.657143,11.885715],"rotation":{"angle":-45.0,"axis":"y","origin":[9.142858,8.0,7.8285713]},"faces":{"east":{"uv":[7.0,3.625,7.3125,3.75],"rotation":0,"texture":"#0","tintindex":0},"south":{"uv":[5.0,9.0,5.125,9.125],"rotation":0,"texture":"#0","tintindex":0},"north":{"uv":[1.25,8.875,1.375,9.0],"rotation":0,"texture":"#0","tintindex":0},"west":{"uv":[8.625,1.875,8.9375,2.0],"rotation":0,"texture":"#0","tintindex":0},"up":{"uv":[5.0,6.4375,4.875,6.125],"rotation":0,"texture":"#0","tintindex":0},"down":{"uv":[5.5,7.625,5.375,7.9375],"rotation":0,"texture":"#0","tintindex":0}}},{"from":[7.428571,9.428572,7.2],"to":[9.714286,10.8,10.285714],"rotation":{"angle":0.0,"axis":"y","origin":[8.571428,8.0,8.8]},"faces":{"east":{"uv":[1.75,6.0,2.4375,6.125],"rotation":0,"texture":"#0","tintindex":0},"south":{"uv":[8.625,2.625,9.125,2.75],"rotation":0,"texture":"#0","tintindex":0},"north":{"uv":[2.5,4.0,3.0,4.125],"rotation":0,"texture":"#0","tintindex":0},"west":{"uv":[8.5,1.5,9.1875,1.625],"rotation":0,"texture":"#0","tintindex":0},"up":{"uv":[3.0,3.9375,2.5,3.25],"rotation":0,"texture":"#0","tintindex":0},"down":{"uv":[7.875,6.625,7.375,7.3125],"rotation":0,"texture":"#0","tintindex":0}}},{"from":[5.942857,10.285714,10.171429],"to":[6.857143,10.685715,10.514286],"rotation":{"angle":22.5,"axis":"x","origin":[9.142858,8.0,7.8285713]},"faces":{"east":{"uv":[10.25,2.375,10.3125,2.46875],"rotation":0,"texture":"#0","tintindex":0},"south":{"uv":[10.0,1.125,10.1875,1.21875],"rotation":0,"texture":"#0","tintindex":0},"north":{"uv":[10.0,1.0,10.1875,1.09375],"rotation":0,"texture":"#0","tintindex":0},"west":{"uv":[2.5,10.25,2.5625,10.34375],"rotation":0,"texture":"#0","tintindex":0},"up":{"uv":[10.3125,2.9375,10.125,2.875],"rotation":0,"texture":"#0","tintindex":0},"down":{"uv":[10.3125,3.0,10.125,3.0625],"rotation":0,"texture":"#0","tintindex":0}}},{"from":[7.142857,9.085714,10.342857],"to":[7.714286,9.6,11.828571],"rotation":{"angle":45.0,"axis":"y","origin":[8.0,8.0,7.8285713]},"faces":{"east":{"uv":[7.75,9.375,8.0625,9.5],"rotation":0,"texture":"#0","tintindex":0},"south":{"uv":[9.125,2.875,9.25,3.0],"rotation":0,"texture":"#0","tintindex":0},"north":{"uv":[9.0,8.375,9.125,8.5],"rotation":0,"texture":"#0","tintindex":0},"west":{"uv":[8.125,9.375,8.4375,9.5],"rotation":0,"texture":"#0","tintindex":0},"up":{"uv":[5.125,8.9375,5.0,8.625],"rotation":0,"texture":"#0","tintindex":0},"down":{"uv":[6.75,8.75,6.625,9.0625],"rotation":0,"texture":"#0","tintindex":0}}},{"from":[10.285714,10.285714,6.9714284],"to":[11.2,10.685715,7.3142858],"rotation":{"angle":-22.5,"axis":"x","origin":[8.0,8.0,9.6]},"faces":{"east":{"uv":[2.75,10.25,2.8125,10.34375],"rotation":0,"texture":"#0","tintindex":0},"south":{"uv":[10.0,1.875,10.1875,1.96875],"rotation":0,"texture":"#0","tintindex":0},"north":{"uv":[10.0,1.75,10.1875,1.84375],"rotation":0,"texture":"#0","tintindex":0},"west":{"uv":[2.875,10.25,2.9375,10.34375],"rotation":0,"texture":"#0","tintindex":0},"up":{"uv":[10.3125,3.3125,10.125,3.25],"rotation":0,"texture":"#0","tintindex":0},"down":{"uv":[3.5625,10.125,3.375,10.1875],"rotation":0,"texture":"#0","tintindex":0}}},{"from":[9.428572,9.2,5.6571426],"to":[10.0,9.714286,7.142857],"rotation":{"angle":45.0,"axis":"y","origin":[9.142858,8.0,9.6]},"faces":{"east":{"uv":[9.125,9.375,9.4375,9.5],"rotation":0,"texture":"#0","tintindex":0},"south":{"uv":[1.625,10.0,1.75,10.125],"rotation":0,"texture":"#0","tintindex":0},"north":{"uv":[4.875,9.5,5.0,9.625],"rotation":0,"texture":"#0","tintindex":0},"west":{"uv":[0.0,9.5,0.3125,9.625],"rotation":0,"texture":"#0","tintindex":0},"up":{"uv":[5.375,9.6875,5.25,9.375],"rotation":0,"texture":"#0","tintindex":0},"down":{"uv":[6.5,9.375,6.375,9.6875],"rotation":0,"texture":"#0","tintindex":0}}},{"from":[5.942857,10.285714,6.9714284],"to":[6.857143,10.685715,7.3142858],"rotation":{"angle":-22.5,"axis":"x","origin":[9.142858,8.0,9.6]},"faces":{"east":{"uv":[3.0,10.25,3.0625,10.34375],"rotation":0,"texture":"#0","tintindex":0},"south":{"uv":[10.0,2.25,10.1875,2.34375],"rotation":0,"texture":"#0","tintindex":0},"north":{"uv":[2.25,10.0,2.4375,10.09375],"rotation":0,"texture":"#0","tintindex":0},"west":{"uv":[3.125,10.25,3.1875,10.34375],"rotation":0,"texture":"#0","tintindex":0},"up":{"uv":[10.3125,3.4375,10.125,3.375],"rotation":0,"texture":"#0","tintindex":0},"down":{"uv":[10.3125,3.5,10.125,3.5625],"rotation":0,"texture":"#0","tintindex":0}}},{"from":[7.2,9.2,5.6],"to":[7.7714286,9.714286,7.542857],"rotation":{"angle":-45.0,"axis":"y","origin":[8.0,8.0,9.6]},"faces":{"east":{"uv":[9.375,8.125,9.6875,8.25],"rotation":0,"texture":"#0","tintindex":0},"south":{"uv":[3.875,9.5,4.0,9.625],"rotation":0,"texture":"#0","tintindex":0},"north":{"uv":[1.5,9.5,1.625,9.625],"rotation":0,"texture":"#0","tintindex":0},"west":{"uv":[9.375,8.25,9.6875,8.375],"rotation":0,"texture":"#0","tintindex":0},"up":{"uv":[9.125,9.5625,9.0,9.25],"rotation":0,"texture":"#0","tintindex":0},"down":{"uv":[1.25,9.375,1.125,9.6875],"rotation":0,"texture":"#0","tintindex":0}}},{"from":[10.285714,10.285714,10.171429],"to":[11.2,10.685715,10.514286],"rotation":{"angle":22.5,"axis":"x","origin":[8.0,8.0,7.8285713]},"faces":{"east":{"uv":[10.25,2.5,10.3125,2.59375],"rotation":0,"texture":"#0","tintindex":0},"south":{"uv":[10.0,1.375,10.1875,1.46875],"rotation":0,"texture":"#0","tintindex":0},"north":{"uv":[10.0,1.25,10.1875,1.34375],"rotation":0,"texture":"#0","tintindex":0},"west":{"uv":[2.625,10.25,2.6875,10.34375],"rotation":0,"texture":"#0","tintindex":0},"up":{"uv":[3.3125,10.1875,3.125,10.125],"rotation":0,"texture":"#0","tintindex":0},"down":{"uv":[10.3125,3.125,10.125,3.1875],"rotation":0,"texture":"#0","tintindex":0}}}],"display":{"head":{"translation":[0.0,-6.4,0.0],"scale":[4.0,4.0,4.0]}}}