{"sources":[{"source":"entity","prefix":"entity/","type":"directory"},{"type":"single","resource":"vending_machine:arrow_right"},{"type":"single","resource":"vending_machine:vm_1"},{"type":"single","resource":"_iainternal:icons/icon_search"},{"type":"single","resource":"_iainternal:icons/icon_next_orange"},{"type":"single","resource":"_iainternal:icons/icon_right_blue"},{"type":"single","resource":"vending_machine:vending_machine"},{"type":"single","resource":"vending_machine:vending_machine_3"},{"type":"single","resource":"vending_machine:vending_machine_2"},{"type":"single","resource":"vending_machine:animation_v3"},{"type":"single","resource":"vending_machine:animation_v2"},{"type":"single","resource":"_iainternal:icons/icon_left_blue"},{"type":"single","resource":"vending_machine:animation_3"},{"type":"single","resource":"_iainternal:icons/icon_cancel"},{"type":"single","resource":"modelengine:entity/vending_bot"},{"type":"single","resource":"vending_machine:arrow_left"},{"type":"single","resource":"_iainternal:icons/icon_back_orange"},{"type":"single","resource":"_iainternal:icons/icon_arrow_chest"}]}