{"textures":{"0":"modelengine:entity/vending_bot"},"elements":[{"from":[5.0857143,8.914286,5.942857],"to":[10.857143,12.9257145,9.885715],"rotation":{"angle":0.0,"axis":"y","origin":[7.9428573,5.6,8.0]},"faces":{"east":{"uv":[1.75,6.125,2.625,7.0],"rotation":0,"texture":"#0","tintindex":0},"south":{"uv":[5.0,4.5,6.25,5.375],"rotation":0,"texture":"#0","tintindex":0},"north":{"uv":[4.75,0.0,6.0,0.875],"rotation":0,"texture":"#0","tintindex":0},"west":{"uv":[2.625,6.125,3.5,7.0],"rotation":0,"texture":"#0","tintindex":0},"up":{"uv":[3.75,6.125,2.5,5.25],"rotation":0,"texture":"#0","tintindex":0},"down":{"uv":[5.0,5.25,3.75,6.125],"rotation":0,"texture":"#0","tintindex":0}}},{"from":[6.2285714,8.171429,6.1714287],"to":[9.714286,8.9257145,9.771429],"rotation":{"angle":0.0,"axis":"y","origin":[7.9428573,5.6,8.0]},"faces":{"east":{"uv":[8.25,2.75,9.03125,2.90625],"rotation":0,"texture":"#0","tintindex":0},"south":{"uv":[5.0,8.25,5.75,8.40625],"rotation":0,"texture":"#0","tintindex":0},"north":{"uv":[4.75,0.875,5.5,1.03125],"rotation":0,"texture":"#0","tintindex":0},"west":{"uv":[3.125,8.25,3.90625,8.40625],"rotation":0,"texture":"#0","tintindex":0},"up":{"uv":[5.0,4.03125,4.25,3.25],"rotation":0,"texture":"#0","tintindex":0},"down":{"uv":[2.5,7.0,1.75,7.78125],"rotation":0,"texture":"#0","tintindex":0}}},{"from":[5.0857143,12.0,8.914286],"to":[10.857143,12.971429,9.428572],"rotation":{"angle":-22.5,"axis":"x","origin":[7.9428573,4.457143,8.0]},"faces":{"east":{"uv":[8.0,9.75,8.125,9.96875],"rotation":0,"texture":"#0","tintindex":0},"south":{"uv":[7.875,6.875,9.125,7.09375],"rotation":0,"texture":"#0","tintindex":0},"north":{"uv":[7.875,6.625,9.125,6.84375],"rotation":0,"texture":"#0","tintindex":0},"west":{"uv":[1.125,9.875,1.25,10.09375],"rotation":0,"texture":"#0","tintindex":0},"up":{"uv":[8.375,8.25,7.125,8.125],"rotation":0,"texture":"#0","tintindex":0},"down":{"uv":[9.5,0.0,8.25,0.125],"rotation":0,"texture":"#0","tintindex":0}}},{"from":[7.5142856,12.171429,5.942857],"to":[7.885714,13.142858,9.885715],"rotation":{"angle":-22.5,"axis":"z","origin":[8.514286,4.457143,8.0]},"faces":{"east":{"uv":[0.0,6.5,0.875,6.71875],"rotation":0,"texture":"#0","tintindex":0},"south":{"uv":[4.5,9.875,4.59375,10.09375],"rotation":0,"texture":"#0","tintindex":0},"north":{"uv":[1.5,9.875,1.59375,10.09375],"rotation":0,"texture":"#0","tintindex":0},"west":{"uv":[1.625,7.875,2.5,8.09375],"rotation":0,"texture":"#0","tintindex":0},"up":{"uv":[2.46875,9.375,2.375,8.5],"rotation":0,"texture":"#0","tintindex":0},"down":{"uv":[3.21875,8.5,3.125,9.375],"rotation":0,"texture":"#0","tintindex":0}}},{"from":[8.077143,12.114286,5.942857],"to":[8.477143,13.142858,9.885715],"rotation":{"angle":22.5,"axis":"z","origin":[7.3714285,4.457143,8.0]},"faces":{"east":{"uv":[5.375,8.0,6.25,8.21875],"rotation":0,"texture":"#0","tintindex":0},"south":{"uv":[8.625,9.875,8.71875,10.09375],"rotation":0,"texture":"#0","tintindex":0},"north":{"uv":[7.5,9.875,7.59375,10.09375],"rotation":0,"texture":"#0","tintindex":0},"west":{"uv":[6.25,8.0,7.125,8.21875],"rotation":0,"texture":"#0","tintindex":0},"up":{"uv":[3.34375,9.375,3.25,8.5],"rotation":0,"texture":"#0","tintindex":0},"down":{"uv":[3.46875,8.5,3.375,9.375],"rotation":0,"texture":"#0","tintindex":0}}},{"from":[5.0857143,12.0,6.4],"to":[10.857143,12.971429,6.9142857],"rotation":{"angle":22.5,"axis":"x","origin":[7.9428573,4.457143,8.0]},"faces":{"east":{"uv":[1.25,9.875,1.375,10.09375],"rotation":0,"texture":"#0","tintindex":0},"south":{"uv":[7.375,7.875,8.625,8.09375],"rotation":0,"texture":"#0","tintindex":0},"north":{"uv":[7.875,7.125,9.125,7.34375],"rotation":0,"texture":"#0","tintindex":0},"west":{"uv":[1.375,9.875,1.5,10.09375],"rotation":0,"texture":"#0","tintindex":0},"up":{"uv":[9.5,0.25,8.25,0.125],"rotation":0,"texture":"#0","tintindex":0},"down":{"uv":[9.5,0.25,8.25,0.375],"rotation":0,"texture":"#0","tintindex":0}}},{"from":[6.6857142,7.885714,6.285714],"to":[9.257143,8.171429,9.657143],"rotation":{"angle":0.0,"axis":"y","origin":[7.9428573,5.6,8.0]},"faces":{"east":{"uv":[9.375,4.125,10.125,4.1875],"rotation":0,"texture":"#0","tintindex":0},"south":{"uv":[9.5,4.5,10.0625,4.5625],"rotation":0,"texture":"#0","tintindex":0},"north":{"uv":[9.5,4.375,10.0625,4.4375],"rotation":0,"texture":"#0","tintindex":0},"west":{"uv":[4.25,9.375,5.0,9.4375],"rotation":0,"texture":"#0","tintindex":0},"up":{"uv":[4.0625,1.875,3.5,1.125],"rotation":0,"texture":"#0","tintindex":0},"down":{"uv":[0.5625,7.125,0.0,7.875],"rotation":0,"texture":"#0","tintindex":0}}}],"display":{"head":{"translation":[0.0,-6.4,0.0],"scale":[4.0,4.0,4.0]}}}