{"textures":{"0":"modelengine:entity/vending_bot"},"elements":[{"from":[2.8571424,17.828571,-1.0857143],"to":[8.4,18.97143,4.0],"rotation":{"angle":0.0,"axis":"y","origin":[5.714286,17.828571,2.514285]},"faces":{"east":{"uv":[7.625,4.75,8.75,5.0],"rotation":0,"texture":"#0","tintindex":0},"south":{"uv":[7.375,7.375,8.59375,7.625],"rotation":0,"texture":"#0","tintindex":0},"north":{"uv":[7.375,4.0,8.59375,4.25],"rotation":0,"texture":"#0","tintindex":0},"west":{"uv":[7.375,7.625,8.5,7.875],"rotation":0,"texture":"#0","tintindex":0},"up":{"uv":[4.21875,3.0,3.0,1.875],"rotation":0,"texture":"#0","tintindex":0},"down":{"uv":[4.21875,3.0,3.0,4.125],"rotation":0,"texture":"#0","tintindex":0}}},{"from":[1.2083197,18.871456,-1.0857143],"to":[3.894034,18.871456,3.9428568],"rotation":{"angle":22.5,"axis":"z","origin":[2.6368914,18.642887,1.371428]},"faces":{"east":{"uv":[0.0,0.0,1.09375,0.0],"rotation":0,"texture":"#0","tintindex":0},"south":{"uv":[0.0,0.0,0.59375,0.0],"rotation":0,"texture":"#0","tintindex":0},"north":{"uv":[0.0,0.0,0.59375,0.0],"rotation":0,"texture":"#0","tintindex":0},"west":{"uv":[0.0,0.0,1.09375,0.0],"rotation":0,"texture":"#0","tintindex":0},"up":{"uv":[5.46875,7.59375,4.875,6.5],"rotation":0,"texture":"#0","tintindex":0},"down":{"uv":[4.09375,6.75,3.5,7.84375],"rotation":0,"texture":"#0","tintindex":0}}},{"from":[7.5345373,18.871456,-1.0857143],"to":[10.220251,18.871456,3.9428568],"rotation":{"angle":-22.5,"axis":"z","origin":[8.79168,18.642887,1.371428]},"faces":{"east":{"uv":[0.0,0.0,1.09375,0.0],"rotation":0,"texture":"#0","tintindex":0},"south":{"uv":[0.0,0.0,0.59375,0.0],"rotation":0,"texture":"#0","tintindex":0},"north":{"uv":[0.0,0.0,0.59375,0.0],"rotation":0,"texture":"#0","tintindex":0},"west":{"uv":[0.0,0.0,1.09375,0.0],"rotation":0,"texture":"#0","tintindex":0},"up":{"uv":[6.71875,7.96875,6.125,6.875],"rotation":0,"texture":"#0","tintindex":0},"down":{"uv":[7.34375,6.875,6.75,7.96875],"rotation":0,"texture":"#0","tintindex":0}}},{"from":[1.2083197,18.871456,-1.0857143],"to":[3.894034,18.871456,3.9428568],"rotation":{"angle":22.5,"axis":"z","origin":[2.6368914,18.642887,1.371428]},"faces":{"east":{"uv":[0.0,0.0,1.09375,0.0],"rotation":0,"texture":"#0","tintindex":0},"south":{"uv":[0.0,0.0,0.59375,0.0],"rotation":0,"texture":"#0","tintindex":0},"north":{"uv":[0.0,0.0,0.59375,0.0],"rotation":0,"texture":"#0","tintindex":0},"west":{"uv":[0.0,0.0,1.09375,0.0],"rotation":0,"texture":"#0","tintindex":0},"up":{"uv":[4.71875,7.84375,4.125,6.75],"rotation":0,"texture":"#0","tintindex":0},"down":{"uv":[6.09375,6.875,5.5,7.96875],"rotation":0,"texture":"#0","tintindex":0}}},{"from":[2.8488226,18.871456,3.1999998],"to":[8.3345375,18.871456,5.428571],"rotation":{"angle":22.5,"axis":"x","origin":[5.934537,18.642887,4.2285714]},"faces":{"east":{"uv":[0.0,0.0,0.5,0.0],"rotation":0,"texture":"#0","tintindex":0},"south":{"uv":[0.0,0.0,1.1875,0.0],"rotation":0,"texture":"#0","tintindex":0},"north":{"uv":[0.0,0.0,1.1875,0.0],"rotation":0,"texture":"#0","tintindex":0},"west":{"uv":[0.0,0.0,0.5,0.0],"rotation":0,"texture":"#0","tintindex":0},"up":{"uv":[8.0625,6.25,6.875,5.75],"rotation":0,"texture":"#0","tintindex":0},"down":{"uv":[8.1875,0.0,7.0,0.5],"rotation":0,"texture":"#0","tintindex":0}}},{"from":[3.9916797,18.5286,-3.3714285],"to":[8.3345375,18.5286,-1.1428576],"rotation":{"angle":-22.5,"axis":"x","origin":[5.934537,18.642887,-4.228572]},"faces":{"east":{"uv":[0.0,0.0,0.5,0.0],"rotation":0,"texture":"#0","tintindex":0},"south":{"uv":[0.0,0.0,0.9375,0.0],"rotation":0,"texture":"#0","tintindex":0},"north":{"uv":[0.0,0.0,0.9375,0.0],"rotation":0,"texture":"#0","tintindex":0},"west":{"uv":[0.0,0.0,0.5,0.0],"rotation":0,"texture":"#0","tintindex":0},"up":{"uv":[3.4375,7.5,2.5,7.0],"rotation":0,"texture":"#0","tintindex":0},"down":{"uv":[7.9375,3.125,7.0,3.625],"rotation":0,"texture":"#0","tintindex":0}}},{"from":[2.8571424,19.942858,-1.0857143],"to":[8.4,21.085714,4.0],"rotation":{"angle":0.0,"axis":"y","origin":[5.714286,20.685715,2.514285]},"faces":{"east":{"uv":[2.75,7.875,3.875,8.125],"rotation":0,"texture":"#0","tintindex":0},"south":{"uv":[7.625,4.5,8.84375,4.75],"rotation":0,"texture":"#0","tintindex":0},"north":{"uv":[7.625,4.25,8.84375,4.5],"rotation":0,"texture":"#0","tintindex":0},"west":{"uv":[3.875,7.875,5.0,8.125],"rotation":0,"texture":"#0","tintindex":0},"up":{"uv":[1.21875,4.375,0.0,3.25],"rotation":0,"texture":"#0","tintindex":0},"down":{"uv":[2.46875,3.25,1.25,4.375],"rotation":0,"texture":"#0","tintindex":0}}},{"from":[2.2857141,18.97143,-1.6571426],"to":[8.971429,19.542858,4.5714283],"rotation":{"angle":0.0,"axis":"y","origin":[5.714286,18.97143,2.514285]},"faces":{"east":{"uv":[8.125,6.0,9.5,6.125],"rotation":0,"texture":"#0","tintindex":0},"south":{"uv":[8.125,5.0,9.59375,5.125],"rotation":0,"texture":"#0","tintindex":0},"north":{"uv":[2.75,8.125,4.21875,8.25],"rotation":0,"texture":"#0","tintindex":0},"west":{"uv":[8.125,6.125,9.5,6.25],"rotation":0,"texture":"#0","tintindex":0},"up":{"uv":[1.46875,3.25,0.0,1.875],"rotation":0,"texture":"#0","tintindex":0},"down":{"uv":[2.96875,1.875,1.5,3.25],"rotation":0,"texture":"#0","tintindex":0}}},{"from":[4.0,19.542858,-2.228572],"to":[8.4,19.942858,1.7142854],"rotation":{"angle":0.0,"axis":"y","origin":[5.142857,19.542858,1.9428568]},"faces":{"east":{"uv":[8.5,2.25,9.375,2.34375],"rotation":0,"texture":"#0","tintindex":0},"south":{"uv":[8.375,3.875,9.34375,3.96875],"rotation":0,"texture":"#0","tintindex":0},"north":{"uv":[8.25,6.5,9.21875,6.59375],"rotation":0,"texture":"#0","tintindex":0},"west":{"uv":[4.25,8.5,5.125,8.59375],"rotation":0,"texture":"#0","tintindex":0},"up":{"uv":[6.71875,2.875,5.75,2.0],"rotation":0,"texture":"#0","tintindex":0},"down":{"uv":[6.84375,5.375,5.875,6.25],"rotation":0,"texture":"#0","tintindex":0}}},{"from":[2.2857141,19.542858,0.6285715],"to":[6.6857142,19.828571,4.5714283],"rotation":{"angle":0.0,"axis":"y","origin":[3.4285712,19.542858,4.8]},"faces":{"east":{"uv":[9.375,2.5,10.25,2.5625],"rotation":0,"texture":"#0","tintindex":0},"south":{"uv":[9.25,6.5,10.21875,6.5625],"rotation":0,"texture":"#0","tintindex":0},"north":{"uv":[9.0,5.625,9.96875,5.6875],"rotation":0,"texture":"#0","tintindex":0},"west":{"uv":[3.125,9.375,4.0,9.4375],"rotation":0,"texture":"#0","tintindex":0},"up":{"uv":[6.96875,0.875,6.0,0.0],"rotation":0,"texture":"#0","tintindex":0},"down":{"uv":[6.96875,2.875,6.0,3.75],"rotation":0,"texture":"#0","tintindex":0}}}],"display":{"head":{"translation":[0.0,-6.4,0.0],"scale":[4.0,4.0,4.0]}}}