{"textures":{"0":"modelengine:entity/vending_bot"},"elements":[{"from":[-1.4285717,8.6285715,3.371428],"to":[-0.57142925,8.971429,3.7142854],"rotation":{"angle":0.0,"axis":"y","origin":[-1.9428577,8.228572,3.0857139]},"faces":{"east":{"uv":[8.0,10.25,8.0625,10.3125],"rotation":0,"texture":"#0","tintindex":0},"south":{"uv":[10.125,5.5,10.3125,5.5625],"rotation":0,"texture":"#0","tintindex":0},"north":{"uv":[10.125,5.375,10.3125,5.4375],"rotation":0,"texture":"#0","tintindex":0},"west":{"uv":[8.125,10.25,8.1875,10.3125],"rotation":0,"texture":"#0","tintindex":0},"up":{"uv":[5.8125,10.1875,5.625,10.125],"rotation":0,"texture":"#0","tintindex":0},"down":{"uv":[10.3125,5.75,10.125,5.8125],"rotation":0,"texture":"#0","tintindex":0}}},{"from":[-1.6000004,7.9428573,2.9714284],"to":[-0.34285736,8.571428,4.1142855],"rotation":{"angle":0.0,"axis":"y","origin":[-1.9428577,8.228572,3.0857139]},"faces":{"east":{"uv":[9.375,9.625,9.625,9.75],"rotation":0,"texture":"#0","tintindex":0},"south":{"uv":[9.5,8.875,9.78125,9.0],"rotation":0,"texture":"#0","tintindex":0},"north":{"uv":[9.5,8.75,9.78125,8.875],"rotation":0,"texture":"#0","tintindex":0},"west":{"uv":[9.625,9.625,9.875,9.75],"rotation":0,"texture":"#0","tintindex":0},"up":{"uv":[9.28125,2.625,9.0,2.375],"rotation":0,"texture":"#0","tintindex":0},"down":{"uv":[9.28125,4.0,9.0,4.25],"rotation":0,"texture":"#0","tintindex":0}}},{"from":[-1.6000004,7.302857,3.6],"to":[-0.34285736,7.9314284,4.742857],"rotation":{"angle":-45.0,"axis":"x","origin":[-1.9428577,8.228572,3.0857139]},"faces":{"east":{"uv":[0.0,9.75,0.25,9.875],"rotation":0,"texture":"#0","tintindex":0},"south":{"uv":[9.125,9.5,9.40625,9.625],"rotation":0,"texture":"#0","tintindex":0},"north":{"uv":[9.5,9.0,9.78125,9.125],"rotation":0,"texture":"#0","tintindex":0},"west":{"uv":[9.75,0.0,10.0,0.125],"rotation":0,"texture":"#0","tintindex":0},"up":{"uv":[9.28125,5.625,9.0,5.375],"rotation":0,"texture":"#0","tintindex":0},"down":{"uv":[9.28125,7.375,9.0,7.625],"rotation":0,"texture":"#0","tintindex":0}}},{"from":[-1.6000004,8.742857,4.285714],"to":[-0.34285736,9.885715,4.9142857],"rotation":{"angle":0.0,"axis":"y","origin":[-1.9428577,8.228572,3.0857139]},"faces":{"east":{"uv":[9.75,0.125,9.875,0.375],"rotation":0,"texture":"#0","tintindex":0},"south":{"uv":[9.0,7.875,9.28125,8.125],"rotation":0,"texture":"#0","tintindex":0},"north":{"uv":[9.0,7.625,9.28125,7.875],"rotation":0,"texture":"#0","tintindex":0},"west":{"uv":[0.25,9.75,0.375,10.0],"rotation":0,"texture":"#0","tintindex":0},"up":{"uv":[9.78125,9.25,9.5,9.125],"rotation":0,"texture":"#0","tintindex":0},"down":{"uv":[9.78125,9.25,9.5,9.375],"rotation":0,"texture":"#0","tintindex":0}}},{"from":[-1.6000004,8.114285,4.9142857],"to":[-0.34285736,9.257143,5.542857],"rotation":{"angle":-45.0,"axis":"x","origin":[-1.9428577,8.228572,3.0857139]},"faces":{"east":{"uv":[0.375,9.75,0.5,10.0],"rotation":0,"texture":"#0","tintindex":0},"south":{"uv":[8.75,9.0,9.03125,9.25],"rotation":0,"texture":"#0","tintindex":0},"north":{"uv":[9.0,8.125,9.28125,8.375],"rotation":0,"texture":"#0","tintindex":0},"west":{"uv":[0.5,9.75,0.625,10.0],"rotation":0,"texture":"#0","tintindex":0},"up":{"uv":[9.78125,9.5,9.5,9.375],"rotation":0,"texture":"#0","tintindex":0},"down":{"uv":[9.78125,9.5,9.5,9.625],"rotation":0,"texture":"#0","tintindex":0}}},{"from":[-1.6000004,10.068571,2.9714284],"to":[-0.34285736,10.697143,4.1142855],"rotation":{"angle":0.0,"axis":"y","origin":[-1.9428577,8.228572,3.0857139]},"faces":{"east":{"uv":[9.75,0.375,10.0,0.5],"rotation":0,"texture":"#0","tintindex":0},"south":{"uv":[9.625,0.5,9.90625,0.625],"rotation":0,"texture":"#0","tintindex":0},"north":{"uv":[0.0,9.625,0.28125,9.75],"rotation":0,"texture":"#0","tintindex":0},"west":{"uv":[0.625,9.75,0.875,9.875],"rotation":0,"texture":"#0","tintindex":0},"up":{"uv":[1.15625,9.375,0.875,9.125],"rotation":0,"texture":"#0","tintindex":0},"down":{"uv":[2.78125,9.125,2.5,9.375],"rotation":0,"texture":"#0","tintindex":0}}},{"from":[-1.6000004,8.742857,2.1714282],"to":[-0.34285736,9.885715,2.7999997],"rotation":{"angle":0.0,"axis":"y","origin":[-1.9428577,8.228572,4.0]},"faces":{"east":{"uv":[0.875,9.75,1.0,10.0],"rotation":0,"texture":"#0","tintindex":0},"south":{"uv":[9.125,3.625,9.40625,3.875],"rotation":0,"texture":"#0","tintindex":0},"north":{"uv":[9.125,2.625,9.40625,2.875],"rotation":0,"texture":"#0","tintindex":0},"west":{"uv":[1.0,9.75,1.125,10.0],"rotation":0,"texture":"#0","tintindex":0},"up":{"uv":[9.90625,0.75,9.625,0.625],"rotation":0,"texture":"#0","tintindex":0},"down":{"uv":[9.90625,0.75,9.625,0.875],"rotation":0,"texture":"#0","tintindex":0}}},{"from":[-1.6000004,7.302857,2.342857],"to":[-0.34285736,7.9314284,3.485714],"rotation":{"angle":45.0,"axis":"x","origin":[-1.9428577,8.228572,4.0]},"faces":{"east":{"uv":[1.125,9.75,1.375,9.875],"rotation":0,"texture":"#0","tintindex":0},"south":{"uv":[9.625,1.0,9.90625,1.125],"rotation":0,"texture":"#0","tintindex":0},"north":{"uv":[9.625,0.875,9.90625,1.0],"rotation":0,"texture":"#0","tintindex":0},"west":{"uv":[1.375,9.75,1.625,9.875],"rotation":0,"texture":"#0","tintindex":0},"up":{"uv":[4.53125,9.375,4.25,9.125],"rotation":0,"texture":"#0","tintindex":0},"down":{"uv":[4.90625,9.125,4.625,9.375],"rotation":0,"texture":"#0","tintindex":0}}},{"from":[-1.6000004,8.114285,1.5314283],"to":[-0.34285736,9.257143,2.1599994],"rotation":{"angle":45.0,"axis":"x","origin":[-1.9428577,8.228572,4.0]},"faces":{"east":{"uv":[9.75,1.5,9.875,1.75],"rotation":0,"texture":"#0","tintindex":0},"south":{"uv":[5.0,9.125,5.28125,9.375],"rotation":0,"texture":"#0","tintindex":0},"north":{"uv":[9.125,4.75,9.40625,5.0],"rotation":0,"texture":"#0","tintindex":0},"west":{"uv":[1.625,9.75,1.75,10.0],"rotation":0,"texture":"#0","tintindex":0},"up":{"uv":[9.90625,1.25,9.625,1.125],"rotation":0,"texture":"#0","tintindex":0},"down":{"uv":[9.90625,1.25,9.625,1.375],"rotation":0,"texture":"#0","tintindex":0}}},{"from":[-1.3142853,8.457143,2.6857138],"to":[-0.40000057,10.171429,4.342857],"rotation":{"angle":0.0,"axis":"y","origin":[-1.9428577,8.228572,3.0857139]},"faces":{"east":{"uv":[3.125,7.5,3.5,7.875],"rotation":0,"texture":"#0","tintindex":0},"south":{"uv":[5.375,9.125,5.5625,9.5],"rotation":0,"texture":"#0","tintindex":0},"north":{"uv":[2.875,9.0,3.0625,9.375],"rotation":0,"texture":"#0","tintindex":0},"west":{"uv":[2.125,8.125,2.5,8.5],"rotation":0,"texture":"#0","tintindex":0},"up":{"uv":[5.8125,9.5,5.625,9.125],"rotation":0,"texture":"#0","tintindex":0},"down":{"uv":[6.0625,9.125,5.875,9.5],"rotation":0,"texture":"#0","tintindex":0}}},{"from":[-1.4285717,9.028571,3.2571425],"to":[-0.57142925,9.6,3.8285713],"rotation":{"angle":0.0,"axis":"y","origin":[-1.9428577,8.228572,3.0857139]},"faces":{"east":{"uv":[10.0,9.375,10.125,9.5],"rotation":0,"texture":"#0","tintindex":0},"south":{"uv":[9.875,7.25,10.0625,7.375],"rotation":0,"texture":"#0","tintindex":0},"north":{"uv":[7.25,9.875,7.4375,10.0],"rotation":0,"texture":"#0","tintindex":0},"west":{"uv":[9.5,10.0,9.625,10.125],"rotation":0,"texture":"#0","tintindex":0},"up":{"uv":[8.3125,10.0,8.125,9.875],"rotation":0,"texture":"#0","tintindex":0},"down":{"uv":[10.0625,8.375,9.875,8.5],"rotation":0,"texture":"#0","tintindex":0}}},{"from":[-1.5428581,9.085714,3.3142858],"to":[-0.6857147,9.542857,3.771428],"rotation":{"angle":0.0,"axis":"y","origin":[-1.9428577,8.228572,3.0857139]},"faces":{"east":{"uv":[10.25,1.5,10.34375,1.59375],"rotation":0,"texture":"#0","tintindex":0},"south":{"uv":[10.0,4.0,10.1875,4.09375],"rotation":0,"texture":"#0","tintindex":0},"north":{"uv":[4.0,10.0,4.1875,10.09375],"rotation":0,"texture":"#0","tintindex":0},"west":{"uv":[1.625,10.25,1.71875,10.34375],"rotation":0,"texture":"#0","tintindex":0},"up":{"uv":[10.1875,4.71875,10.0,4.625],"rotation":0,"texture":"#0","tintindex":0},"down":{"uv":[10.1875,4.75,10.0,4.84375],"rotation":0,"texture":"#0","tintindex":0}}},{"from":[-1.4285717,9.142858,2.8571424],"to":[-0.57142925,9.485714,3.1999998],"rotation":{"angle":0.0,"axis":"y","origin":[-1.9428577,8.228572,3.0857139]},"faces":{"east":{"uv":[8.25,10.25,8.3125,10.3125],"rotation":0,"texture":"#0","tintindex":0},"south":{"uv":[10.125,5.875,10.3125,5.9375],"rotation":0,"texture":"#0","tintindex":0},"north":{"uv":[5.875,10.125,6.0625,10.1875],"rotation":0,"texture":"#0","tintindex":0},"west":{"uv":[10.25,8.25,10.3125,8.3125],"rotation":0,"texture":"#0","tintindex":0},"up":{"uv":[10.3125,6.0625,10.125,6.0],"rotation":0,"texture":"#0","tintindex":0},"down":{"uv":[6.3125,10.125,6.125,10.1875],"rotation":0,"texture":"#0","tintindex":0}}},{"from":[-1.4285717,9.142858,3.885714],"to":[-0.57142925,9.485714,4.2285714],"rotation":{"angle":0.0,"axis":"y","origin":[-1.9428577,8.228572,3.0857139]},"faces":{"east":{"uv":[8.375,10.25,8.4375,10.3125],"rotation":0,"texture":"#0","tintindex":0},"south":{"uv":[10.125,6.25,10.3125,6.3125],"rotation":0,"texture":"#0","tintindex":0},"north":{"uv":[10.125,6.125,10.3125,6.1875],"rotation":0,"texture":"#0","tintindex":0},"west":{"uv":[8.5,10.25,8.5625,10.3125],"rotation":0,"texture":"#0","tintindex":0},"up":{"uv":[6.5625,10.1875,6.375,10.125],"rotation":0,"texture":"#0","tintindex":0},"down":{"uv":[10.3125,6.375,10.125,6.4375],"rotation":0,"texture":"#0","tintindex":0}}},{"from":[-1.4285717,9.657143,3.371428],"to":[-0.57142925,10.0,3.7142854],"rotation":{"angle":0.0,"axis":"y","origin":[-1.9428577,8.228572,3.0857139]},"faces":{"east":{"uv":[8.625,10.25,8.6875,10.3125],"rotation":0,"texture":"#0","tintindex":0},"south":{"uv":[10.125,6.625,10.3125,6.6875],"rotation":0,"texture":"#0","tintindex":0},"north":{"uv":[6.625,10.125,6.8125,10.1875],"rotation":0,"texture":"#0","tintindex":0},"west":{"uv":[8.75,10.25,8.8125,10.3125],"rotation":0,"texture":"#0","tintindex":0},"up":{"uv":[10.3125,6.8125,10.125,6.75],"rotation":0,"texture":"#0","tintindex":0},"down":{"uv":[7.0625,10.125,6.875,10.1875],"rotation":0,"texture":"#0","tintindex":0}}}],"display":{"head":{"translation":[0.0,-6.4,0.0],"scale":[4.0,4.0,4.0]}}}