{"textures":{"0":"modelengine:entity/vending_bot"},"elements":[{"from":[7.542857,7.3428574,7.8285713],"to":[8.4,7.6857142,8.171429],"rotation":{"angle":0.0,"axis":"y","origin":[7.028571,6.942857,7.542857]},"faces":{"east":{"uv":[8.875,10.25,8.9375,10.3125],"rotation":0,"texture":"#0","tintindex":0},"south":{"uv":[10.125,7.0,10.3125,7.0625],"rotation":0,"texture":"#0","tintindex":0},"north":{"uv":[10.125,6.875,10.3125,6.9375],"rotation":0,"texture":"#0","tintindex":0},"west":{"uv":[9.0,10.25,9.0625,10.3125],"rotation":0,"texture":"#0","tintindex":0},"up":{"uv":[7.3125,10.1875,7.125,10.125],"rotation":0,"texture":"#0","tintindex":0},"down":{"uv":[10.3125,7.125,10.125,7.1875],"rotation":0,"texture":"#0","tintindex":0}}},{"from":[7.3714285,6.6571426,7.428571],"to":[8.6285715,7.285714,8.571428],"rotation":{"angle":0.0,"axis":"y","origin":[7.028571,6.942857,7.542857]},"faces":{"east":{"uv":[1.75,9.75,2.0,9.875],"rotation":0,"texture":"#0","tintindex":0},"south":{"uv":[1.5,9.625,1.78125,9.75],"rotation":0,"texture":"#0","tintindex":0},"north":{"uv":[9.625,1.375,9.90625,1.5],"rotation":0,"texture":"#0","tintindex":0},"west":{"uv":[9.75,1.75,10.0,1.875],"rotation":0,"texture":"#0","tintindex":0},"up":{"uv":[6.40625,9.375,6.125,9.125],"rotation":0,"texture":"#0","tintindex":0},"down":{"uv":[9.40625,6.25,9.125,6.5],"rotation":0,"texture":"#0","tintindex":0}}},{"from":[7.3714285,6.017143,8.057143],"to":[8.6285715,6.6457143,9.2],"rotation":{"angle":-45.0,"axis":"x","origin":[7.028571,6.942857,7.542857]},"faces":{"east":{"uv":[9.75,1.875,10.0,2.0],"rotation":0,"texture":"#0","tintindex":0},"south":{"uv":[2.25,9.625,2.53125,9.75],"rotation":0,"texture":"#0","tintindex":0},"north":{"uv":[1.875,9.625,2.15625,9.75],"rotation":0,"texture":"#0","tintindex":0},"west":{"uv":[2.0,9.75,2.25,9.875],"rotation":0,"texture":"#0","tintindex":0},"up":{"uv":[9.40625,6.875,9.125,6.625],"rotation":0,"texture":"#0","tintindex":0},"down":{"uv":[9.40625,6.875,9.125,7.125],"rotation":0,"texture":"#0","tintindex":0}}},{"from":[7.3714285,7.457143,8.742857],"to":[8.6285715,8.6,9.3714285],"rotation":{"angle":0.0,"axis":"y","origin":[7.028571,6.942857,7.542857]},"faces":{"east":{"uv":[2.25,9.75,2.375,10.0],"rotation":0,"texture":"#0","tintindex":0},"south":{"uv":[8.375,9.125,8.65625,9.375],"rotation":0,"texture":"#0","tintindex":0},"north":{"uv":[9.125,7.125,9.40625,7.375],"rotation":0,"texture":"#0","tintindex":0},"west":{"uv":[2.375,9.75,2.5,10.0],"rotation":0,"texture":"#0","tintindex":0},"up":{"uv":[9.90625,2.375,9.625,2.25],"rotation":0,"texture":"#0","tintindex":0},"down":{"uv":[9.90625,2.375,9.625,2.5],"rotation":0,"texture":"#0","tintindex":0}}},{"from":[7.3714285,6.8285713,9.3714285],"to":[8.6285715,7.9714284,10.0],"rotation":{"angle":-45.0,"axis":"x","origin":[7.028571,6.942857,7.542857]},"faces":{"east":{"uv":[2.5,9.75,2.625,10.0],"rotation":0,"texture":"#0","tintindex":0},"south":{"uv":[9.125,8.625,9.40625,8.875],"rotation":0,"texture":"#0","tintindex":0},"north":{"uv":[9.125,8.375,9.40625,8.625],"rotation":0,"texture":"#0","tintindex":0},"west":{"uv":[2.625,9.75,2.75,10.0],"rotation":0,"texture":"#0","tintindex":0},"up":{"uv":[2.90625,9.75,2.625,9.625],"rotation":0,"texture":"#0","tintindex":0},"down":{"uv":[3.28125,9.625,3.0,9.75],"rotation":0,"texture":"#0","tintindex":0}}},{"from":[7.3714285,8.782857,7.428571],"to":[8.6285715,9.411428,8.571428],"rotation":{"angle":0.0,"axis":"y","origin":[7.028571,6.942857,7.542857]},"faces":{"east":{"uv":[2.75,9.75,3.0,9.875],"rotation":0,"texture":"#0","tintindex":0},"south":{"uv":[3.75,9.625,4.03125,9.75],"rotation":0,"texture":"#0","tintindex":0},"north":{"uv":[3.375,9.625,3.65625,9.75],"rotation":0,"texture":"#0","tintindex":0},"west":{"uv":[3.0,9.75,3.25,9.875],"rotation":0,"texture":"#0","tintindex":0},"up":{"uv":[9.40625,9.125,9.125,8.875],"rotation":0,"texture":"#0","tintindex":0},"down":{"uv":[9.40625,9.125,9.125,9.375],"rotation":0,"texture":"#0","tintindex":0}}},{"from":[7.3714285,7.457143,6.6285715],"to":[8.6285715,8.6,7.257143],"rotation":{"angle":0.0,"axis":"y","origin":[7.028571,6.942857,8.457143]},"faces":{"east":{"uv":[3.25,9.75,3.375,10.0],"rotation":0,"texture":"#0","tintindex":0},"south":{"uv":[9.25,0.5,9.53125,0.75],"rotation":0,"texture":"#0","tintindex":0},"north":{"uv":[0.0,9.25,0.28125,9.5],"rotation":0,"texture":"#0","tintindex":0},"west":{"uv":[3.375,9.75,3.5,10.0],"rotation":0,"texture":"#0","tintindex":0},"up":{"uv":[9.90625,4.0,9.625,3.875],"rotation":0,"texture":"#0","tintindex":0},"down":{"uv":[9.90625,4.0,9.625,4.125],"rotation":0,"texture":"#0","tintindex":0}}},{"from":[7.3714285,6.017143,6.8],"to":[8.6285715,6.6457143,7.9428573],"rotation":{"angle":45.0,"axis":"x","origin":[7.028571,6.942857,8.457143]},"faces":{"east":{"uv":[3.5,9.75,3.75,9.875],"rotation":0,"texture":"#0","tintindex":0},"south":{"uv":[4.875,9.625,5.15625,9.75],"rotation":0,"texture":"#0","tintindex":0},"north":{"uv":[4.125,9.625,4.40625,9.75],"rotation":0,"texture":"#0","tintindex":0},"west":{"uv":[3.75,9.75,4.0,9.875],"rotation":0,"texture":"#0","tintindex":0},"up":{"uv":[9.53125,1.0,9.25,0.75],"rotation":0,"texture":"#0","tintindex":0},"down":{"uv":[9.53125,1.0,9.25,1.25],"rotation":0,"texture":"#0","tintindex":0}}},{"from":[7.3714285,6.8285713,5.988571],"to":[8.6285715,7.9714284,6.6171427],"rotation":{"angle":45.0,"axis":"x","origin":[7.028571,6.942857,8.457143]},"faces":{"east":{"uv":[4.0,9.75,4.125,10.0],"rotation":0,"texture":"#0","tintindex":0},"south":{"uv":[9.25,1.25,9.53125,1.5],"rotation":0,"texture":"#0","tintindex":0},"north":{"uv":[1.25,9.25,1.53125,9.5],"rotation":0,"texture":"#0","tintindex":0},"west":{"uv":[4.125,9.75,4.25,10.0],"rotation":0,"texture":"#0","tintindex":0},"up":{"uv":[9.90625,5.125,9.625,5.0],"rotation":0,"texture":"#0","tintindex":0},"down":{"uv":[9.90625,5.125,9.625,5.25],"rotation":0,"texture":"#0","tintindex":0}}},{"from":[7.6571426,7.1714287,7.142857],"to":[8.571428,8.885715,8.8],"rotation":{"angle":0.0,"axis":"y","origin":[7.028571,6.942857,7.542857]},"faces":{"east":{"uv":[4.25,8.125,4.625,8.5],"rotation":0,"texture":"#0","tintindex":0},"south":{"uv":[9.25,1.5,9.4375,1.875],"rotation":0,"texture":"#0","tintindex":0},"north":{"uv":[6.5,9.125,6.6875,9.5],"rotation":0,"texture":"#0","tintindex":0},"west":{"uv":[4.625,8.125,5.0,8.5],"rotation":0,"texture":"#0","tintindex":0},"up":{"uv":[9.4375,2.25,9.25,1.875],"rotation":0,"texture":"#0","tintindex":0},"down":{"uv":[2.3125,9.25,2.125,9.625],"rotation":0,"texture":"#0","tintindex":0}}},{"from":[7.542857,7.742857,7.714286],"to":[8.4,8.314285,8.285714],"rotation":{"angle":0.0,"axis":"y","origin":[7.028571,6.942857,7.542857]},"faces":{"east":{"uv":[10.0,9.5,10.125,9.625],"rotation":0,"texture":"#0","tintindex":0},"south":{"uv":[9.875,8.625,10.0625,8.75],"rotation":0,"texture":"#0","tintindex":0},"north":{"uv":[9.875,8.5,10.0625,8.625],"rotation":0,"texture":"#0","tintindex":0},"west":{"uv":[9.625,10.0,9.75,10.125],"rotation":0,"texture":"#0","tintindex":0},"up":{"uv":[10.0625,8.875,9.875,8.75],"rotation":0,"texture":"#0","tintindex":0},"down":{"uv":[10.0625,8.875,9.875,9.0],"rotation":0,"texture":"#0","tintindex":0}}},{"from":[7.428571,7.8,7.7714286],"to":[8.285714,8.257143,8.228572],"rotation":{"angle":0.0,"axis":"y","origin":[7.028571,6.942857,7.542857]},"faces":{"east":{"uv":[10.25,1.625,10.34375,1.71875],"rotation":0,"texture":"#0","tintindex":0},"south":{"uv":[10.0,5.125,10.1875,5.21875],"rotation":0,"texture":"#0","tintindex":0},"north":{"uv":[10.0,5.0,10.1875,5.09375],"rotation":0,"texture":"#0","tintindex":0},"west":{"uv":[1.75,10.25,1.84375,10.34375],"rotation":0,"texture":"#0","tintindex":0},"up":{"uv":[10.1875,5.71875,10.0,5.625],"rotation":0,"texture":"#0","tintindex":0},"down":{"uv":[7.4375,10.0,7.25,10.09375],"rotation":0,"texture":"#0","tintindex":0}}},{"from":[7.542857,7.857143,7.3142858],"to":[8.4,8.2,7.6571426],"rotation":{"angle":0.0,"axis":"y","origin":[7.028571,6.942857,7.542857]},"faces":{"east":{"uv":[9.125,10.25,9.1875,10.3125],"rotation":0,"texture":"#0","tintindex":0},"south":{"uv":[7.375,10.125,7.5625,10.1875],"rotation":0,"texture":"#0","tintindex":0},"north":{"uv":[10.125,7.25,10.3125,7.3125],"rotation":0,"texture":"#0","tintindex":0},"west":{"uv":[9.25,10.25,9.3125,10.3125],"rotation":0,"texture":"#0","tintindex":0},"up":{"uv":[7.8125,10.1875,7.625,10.125],"rotation":0,"texture":"#0","tintindex":0},"down":{"uv":[8.0625,10.125,7.875,10.1875],"rotation":0,"texture":"#0","tintindex":0}}},{"from":[7.542857,7.857143,8.342857],"to":[8.4,8.2,8.685715],"rotation":{"angle":0.0,"axis":"y","origin":[7.028571,6.942857,7.542857]},"faces":{"east":{"uv":[9.375,10.25,9.4375,10.3125],"rotation":0,"texture":"#0","tintindex":0},"south":{"uv":[8.375,10.125,8.5625,10.1875],"rotation":0,"texture":"#0","tintindex":0},"north":{"uv":[8.125,10.125,8.3125,10.1875],"rotation":0,"texture":"#0","tintindex":0},"west":{"uv":[9.5,10.25,9.5625,10.3125],"rotation":0,"texture":"#0","tintindex":0},"up":{"uv":[10.3125,8.4375,10.125,8.375],"rotation":0,"texture":"#0","tintindex":0},"down":{"uv":[10.3125,8.5,10.125,8.5625],"rotation":0,"texture":"#0","tintindex":0}}},{"from":[7.542857,8.3714285,7.8285713],"to":[8.4,8.714286,8.171429],"rotation":{"angle":0.0,"axis":"y","origin":[7.028571,6.942857,7.542857]},"faces":{"east":{"uv":[9.625,10.25,9.6875,10.3125],"rotation":0,"texture":"#0","tintindex":0},"south":{"uv":[10.125,8.625,10.3125,8.6875],"rotation":0,"texture":"#0","tintindex":0},"north":{"uv":[8.625,10.125,8.8125,10.1875],"rotation":0,"texture":"#0","tintindex":0},"west":{"uv":[10.25,9.625,10.3125,9.6875],"rotation":0,"texture":"#0","tintindex":0},"up":{"uv":[10.3125,8.8125,10.125,8.75],"rotation":0,"texture":"#0","tintindex":0},"down":{"uv":[9.0625,10.125,8.875,10.1875],"rotation":0,"texture":"#0","tintindex":0}}}],"display":{"head":{"translation":[0.0,-6.4,0.0],"scale":[4.0,4.0,4.0]}}}