{"textures":{"0":"modelengine:entity/vending_bot"},"elements":[{"from":[13.885715,7.3428574,7.714286],"to":[14.742857,7.6857142,8.057143],"rotation":{"angle":0.0,"axis":"y","origin":[15.257143,6.942857,7.428571]},"faces":{"east":{"uv":[7.0,10.25,7.0625,10.3125],"rotation":0,"texture":"#0","tintindex":0},"south":{"uv":[10.125,3.625,10.3125,3.6875],"rotation":0,"texture":"#0","tintindex":0},"north":{"uv":[3.625,10.125,3.8125,10.1875],"rotation":0,"texture":"#0","tintindex":0},"west":{"uv":[7.125,10.25,7.1875,10.3125],"rotation":0,"texture":"#0","tintindex":0},"up":{"uv":[10.3125,3.8125,10.125,3.75],"rotation":0,"texture":"#0","tintindex":0},"down":{"uv":[4.0625,10.125,3.875,10.1875],"rotation":0,"texture":"#0","tintindex":0}}},{"from":[13.657143,6.6571426,7.3142858],"to":[14.914286,7.285714,8.457143],"rotation":{"angle":0.0,"axis":"y","origin":[15.257143,6.942857,7.428571]},"faces":{"east":{"uv":[6.125,9.625,6.375,9.75],"rotation":0,"texture":"#0","tintindex":0},"south":{"uv":[9.5,6.0,9.78125,6.125],"rotation":0,"texture":"#0","tintindex":0},"north":{"uv":[9.5,4.875,9.78125,5.0],"rotation":0,"texture":"#0","tintindex":0},"west":{"uv":[6.5,9.625,6.75,9.75],"rotation":0,"texture":"#0","tintindex":0},"up":{"uv":[9.03125,9.0,8.75,8.75],"rotation":0,"texture":"#0","tintindex":0},"down":{"uv":[9.15625,0.5,8.875,0.75],"rotation":0,"texture":"#0","tintindex":0}}},{"from":[13.657143,6.017143,7.9428573],"to":[14.914286,6.6457143,9.085714],"rotation":{"angle":-45.0,"axis":"x","origin":[15.257143,6.942857,7.428571]},"faces":{"east":{"uv":[6.75,9.625,7.0,9.75],"rotation":0,"texture":"#0","tintindex":0},"south":{"uv":[9.5,6.25,9.78125,6.375],"rotation":0,"texture":"#0","tintindex":0},"north":{"uv":[9.5,6.125,9.78125,6.25],"rotation":0,"texture":"#0","tintindex":0},"west":{"uv":[7.0,9.625,7.25,9.75],"rotation":0,"texture":"#0","tintindex":0},"up":{"uv":[9.15625,1.0,8.875,0.75],"rotation":0,"texture":"#0","tintindex":0},"down":{"uv":[1.15625,8.875,0.875,9.125],"rotation":0,"texture":"#0","tintindex":0}}},{"from":[13.657143,7.457143,8.6285715],"to":[14.914286,8.6,9.257143],"rotation":{"angle":0.0,"axis":"y","origin":[15.257143,6.942857,7.428571]},"faces":{"east":{"uv":[7.25,9.625,7.375,9.875],"rotation":0,"texture":"#0","tintindex":0},"south":{"uv":[8.875,1.25,9.15625,1.5],"rotation":0,"texture":"#0","tintindex":0},"north":{"uv":[8.875,1.0,9.15625,1.25],"rotation":0,"texture":"#0","tintindex":0},"west":{"uv":[7.375,9.625,7.5,9.875],"rotation":0,"texture":"#0","tintindex":0},"up":{"uv":[9.78125,6.5,9.5,6.375],"rotation":0,"texture":"#0","tintindex":0},"down":{"uv":[9.78125,6.625,9.5,6.75],"rotation":0,"texture":"#0","tintindex":0}}},{"from":[13.657143,6.8285713,9.257143],"to":[14.914286,7.9714284,9.885715],"rotation":{"angle":-45.0,"axis":"x","origin":[15.257143,6.942857,7.428571]},"faces":{"east":{"uv":[9.625,7.375,9.75,7.625],"rotation":0,"texture":"#0","tintindex":0},"south":{"uv":[4.25,8.875,4.53125,9.125],"rotation":0,"texture":"#0","tintindex":0},"north":{"uv":[2.5,8.875,2.78125,9.125],"rotation":0,"texture":"#0","tintindex":0},"west":{"uv":[7.5,9.625,7.625,9.875],"rotation":0,"texture":"#0","tintindex":0},"up":{"uv":[9.78125,6.875,9.5,6.75],"rotation":0,"texture":"#0","tintindex":0},"down":{"uv":[9.78125,6.875,9.5,7.0],"rotation":0,"texture":"#0","tintindex":0}}},{"from":[13.657143,8.782857,7.3142858],"to":[14.914286,9.411428,8.457143],"rotation":{"angle":0.0,"axis":"y","origin":[15.257143,6.942857,7.428571]},"faces":{"east":{"uv":[7.625,9.625,7.875,9.75],"rotation":0,"texture":"#0","tintindex":0},"south":{"uv":[9.5,7.125,9.78125,7.25],"rotation":0,"texture":"#0","tintindex":0},"north":{"uv":[9.5,7.0,9.78125,7.125],"rotation":0,"texture":"#0","tintindex":0},"west":{"uv":[7.875,9.625,8.125,9.75],"rotation":0,"texture":"#0","tintindex":0},"up":{"uv":[9.15625,4.5,8.875,4.25],"rotation":0,"texture":"#0","tintindex":0},"down":{"uv":[9.15625,4.5,8.875,4.75],"rotation":0,"texture":"#0","tintindex":0}}},{"from":[13.657143,7.457143,6.5142856],"to":[14.914286,8.6,7.142857],"rotation":{"angle":0.0,"axis":"y","origin":[15.257143,6.942857,8.342857]},"faces":{"east":{"uv":[8.125,9.625,8.25,9.875],"rotation":0,"texture":"#0","tintindex":0},"south":{"uv":[5.625,8.875,5.90625,9.125],"rotation":0,"texture":"#0","tintindex":0},"north":{"uv":[4.625,8.875,4.90625,9.125],"rotation":0,"texture":"#0","tintindex":0},"west":{"uv":[8.25,9.625,8.375,9.875],"rotation":0,"texture":"#0","tintindex":0},"up":{"uv":[9.78125,7.375,9.5,7.25],"rotation":0,"texture":"#0","tintindex":0},"down":{"uv":[8.03125,9.5,7.75,9.625],"rotation":0,"texture":"#0","tintindex":0}}},{"from":[13.657143,6.017143,6.6857142],"to":[14.914286,6.6457143,7.8285713],"rotation":{"angle":45.0,"axis":"x","origin":[15.257143,6.942857,8.342857]},"faces":{"east":{"uv":[8.375,9.625,8.625,9.75],"rotation":0,"texture":"#0","tintindex":0},"south":{"uv":[9.5,8.375,9.78125,8.5],"rotation":0,"texture":"#0","tintindex":0},"north":{"uv":[8.125,9.5,8.40625,9.625],"rotation":0,"texture":"#0","tintindex":0},"west":{"uv":[9.0,9.625,9.25,9.75],"rotation":0,"texture":"#0","tintindex":0},"up":{"uv":[6.28125,9.125,6.0,8.875],"rotation":0,"texture":"#0","tintindex":0},"down":{"uv":[8.65625,8.875,8.375,9.125],"rotation":0,"texture":"#0","tintindex":0}}},{"from":[13.657143,6.8285713,5.8742857],"to":[14.914286,7.9714284,6.502857],"rotation":{"angle":45.0,"axis":"x","origin":[15.257143,6.942857,8.342857]},"faces":{"east":{"uv":[8.625,9.625,8.75,9.875],"rotation":0,"texture":"#0","tintindex":0},"south":{"uv":[1.25,9.0,1.53125,9.25],"rotation":0,"texture":"#0","tintindex":0},"north":{"uv":[0.0,9.0,0.28125,9.25],"rotation":0,"texture":"#0","tintindex":0},"west":{"uv":[9.25,9.625,9.375,9.875],"rotation":0,"texture":"#0","tintindex":0},"up":{"uv":[9.78125,8.625,9.5,8.5],"rotation":0,"texture":"#0","tintindex":0},"down":{"uv":[9.78125,8.625,9.5,8.75],"rotation":0,"texture":"#0","tintindex":0}}},{"from":[13.714286,7.1714287,7.028571],"to":[14.628572,8.885715,8.685715],"rotation":{"angle":0.0,"axis":"y","origin":[15.257143,6.942857,7.428571]},"faces":{"east":{"uv":[5.5,6.5,5.875,6.875],"rotation":0,"texture":"#0","tintindex":0},"south":{"uv":[1.625,9.0,1.8125,9.375],"rotation":0,"texture":"#0","tintindex":0},"north":{"uv":[2.125,8.875,2.3125,9.25],"rotation":0,"texture":"#0","tintindex":0},"west":{"uv":[2.75,7.5,3.125,7.875],"rotation":0,"texture":"#0","tintindex":0},"up":{"uv":[9.1875,2.0,9.0,1.625],"rotation":0,"texture":"#0","tintindex":0},"down":{"uv":[2.0625,9.0,1.875,9.375],"rotation":0,"texture":"#0","tintindex":0}}},{"from":[13.885715,7.742857,7.6],"to":[14.742857,8.314285,8.171429],"rotation":{"angle":0.0,"axis":"y","origin":[15.257143,6.942857,7.428571]},"faces":{"east":{"uv":[10.0,9.25,10.125,9.375],"rotation":0,"texture":"#0","tintindex":0},"south":{"uv":[9.875,6.875,10.0625,7.0],"rotation":0,"texture":"#0","tintindex":0},"north":{"uv":[9.875,6.75,10.0625,6.875],"rotation":0,"texture":"#0","tintindex":0},"west":{"uv":[9.375,10.0,9.5,10.125],"rotation":0,"texture":"#0","tintindex":0},"up":{"uv":[10.0625,7.125,9.875,7.0],"rotation":0,"texture":"#0","tintindex":0},"down":{"uv":[10.0625,7.125,9.875,7.25],"rotation":0,"texture":"#0","tintindex":0}}},{"from":[14.0,7.8,7.6571426],"to":[14.857143,8.257143,8.114285],"rotation":{"angle":0.0,"axis":"y","origin":[15.257143,6.942857,7.428571]},"faces":{"east":{"uv":[10.25,1.375,10.34375,1.46875],"rotation":0,"texture":"#0","tintindex":0},"south":{"uv":[2.5,10.0,2.6875,10.09375],"rotation":0,"texture":"#0","tintindex":0},"north":{"uv":[10.0,2.375,10.1875,2.46875],"rotation":0,"texture":"#0","tintindex":0},"west":{"uv":[1.5,10.25,1.59375,10.34375],"rotation":0,"texture":"#0","tintindex":0},"up":{"uv":[3.4375,10.09375,3.25,10.0],"rotation":0,"texture":"#0","tintindex":0},"down":{"uv":[10.1875,3.875,10.0,3.96875],"rotation":0,"texture":"#0","tintindex":0}}},{"from":[13.885715,7.857143,7.2],"to":[14.742857,8.2,7.542857],"rotation":{"angle":0.0,"axis":"y","origin":[15.257143,6.942857,7.428571]},"faces":{"east":{"uv":[7.25,10.25,7.3125,10.3125],"rotation":0,"texture":"#0","tintindex":0},"south":{"uv":[10.125,4.125,10.3125,4.1875],"rotation":0,"texture":"#0","tintindex":0},"north":{"uv":[4.125,10.125,4.3125,10.1875],"rotation":0,"texture":"#0","tintindex":0},"west":{"uv":[7.375,10.25,7.4375,10.3125],"rotation":0,"texture":"#0","tintindex":0},"up":{"uv":[10.3125,4.3125,10.125,4.25],"rotation":0,"texture":"#0","tintindex":0},"down":{"uv":[4.5625,10.125,4.375,10.1875],"rotation":0,"texture":"#0","tintindex":0}}},{"from":[13.885715,7.857143,8.228572],"to":[14.742857,8.2,8.571428],"rotation":{"angle":0.0,"axis":"y","origin":[15.257143,6.942857,7.428571]},"faces":{"east":{"uv":[7.5,10.25,7.5625,10.3125],"rotation":0,"texture":"#0","tintindex":0},"south":{"uv":[10.125,4.5,10.3125,4.5625],"rotation":0,"texture":"#0","tintindex":0},"north":{"uv":[10.125,4.375,10.3125,4.4375],"rotation":0,"texture":"#0","tintindex":0},"west":{"uv":[7.625,10.25,7.6875,10.3125],"rotation":0,"texture":"#0","tintindex":0},"up":{"uv":[4.8125,10.1875,4.625,10.125],"rotation":0,"texture":"#0","tintindex":0},"down":{"uv":[5.0625,10.125,4.875,10.1875],"rotation":0,"texture":"#0","tintindex":0}}},{"from":[13.885715,8.3714285,7.714286],"to":[14.742857,8.714286,8.057143],"rotation":{"angle":0.0,"axis":"y","origin":[15.257143,6.942857,7.428571]},"faces":{"east":{"uv":[7.75,10.25,7.8125,10.3125],"rotation":0,"texture":"#0","tintindex":0},"south":{"uv":[5.125,10.125,5.3125,10.1875],"rotation":0,"texture":"#0","tintindex":0},"north":{"uv":[10.125,4.875,10.3125,4.9375],"rotation":0,"texture":"#0","tintindex":0},"west":{"uv":[7.875,10.25,7.9375,10.3125],"rotation":0,"texture":"#0","tintindex":0},"up":{"uv":[10.3125,5.3125,10.125,5.25],"rotation":0,"texture":"#0","tintindex":0},"down":{"uv":[5.5625,10.125,5.375,10.1875],"rotation":0,"texture":"#0","tintindex":0}}}],"display":{"head":{"translation":[0.0,-6.4,0.0],"scale":[4.0,4.0,4.0]}}}