{"textures":{"0":"modelengine:entity/vending_bot"},"elements":[{"from":[2.8571424,12.8,4.6285715],"to":[4.5714283,13.942858,5.771428],"rotation":{"angle":0.0,"axis":"y","origin":[8.0,8.114285,8.0]},"faces":{"east":{"uv":[2.625,9.375,2.875,9.625],"rotation":0,"texture":"#0","tintindex":0},"south":{"uv":[8.375,8.125,8.75,8.375],"rotation":0,"texture":"#0","tintindex":0},"north":{"uv":[6.125,8.375,6.5,8.625],"rotation":0,"texture":"#0","tintindex":0},"west":{"uv":[2.875,9.375,3.125,9.625],"rotation":0,"texture":"#0","tintindex":0},"up":{"uv":[8.75,8.625,8.375,8.375],"rotation":0,"texture":"#0","tintindex":0},"down":{"uv":[0.375,8.5,0.0,8.75],"rotation":0,"texture":"#0","tintindex":0}}},{"from":[2.8571424,12.200001,2.6571422],"to":[4.5714283,13.342857,2.6571422],"rotation":{"angle":22.5,"axis":"x","origin":[8.0,8.114285,8.0]},"faces":{"east":{"uv":[0.0,0.0,0.0,0.25],"rotation":0,"texture":"#0","tintindex":0},"south":{"uv":[8.5,0.75,8.875,1.0],"rotation":0,"texture":"#0","tintindex":0},"north":{"uv":[8.5,0.5,8.875,0.75],"rotation":0,"texture":"#0","tintindex":0},"west":{"uv":[0.0,0.0,0.0,0.25],"rotation":0,"texture":"#0","tintindex":0},"up":{"uv":[0.375,0.0,0.0,0.0],"rotation":0,"texture":"#0","tintindex":0},"down":{"uv":[0.375,0.0,0.0,0.0],"rotation":0,"texture":"#0","tintindex":0}}},{"from":[2.8571424,14.360001,8.165714],"to":[4.5714283,15.502857,8.165714],"rotation":{"angle":-22.5,"axis":"x","origin":[8.0,8.114285,8.0]},"faces":{"east":{"uv":[0.0,0.0,0.0,0.25],"rotation":0,"texture":"#0","tintindex":0},"south":{"uv":[8.5,1.25,8.875,1.5],"rotation":0,"texture":"#0","tintindex":0},"north":{"uv":[8.5,1.0,8.875,1.25],"rotation":0,"texture":"#0","tintindex":0},"west":{"uv":[0.0,0.0,0.0,0.25],"rotation":0,"texture":"#0","tintindex":0},"up":{"uv":[0.375,0.0,0.0,0.0],"rotation":0,"texture":"#0","tintindex":0},"down":{"uv":[0.375,0.0,0.0,0.0],"rotation":0,"texture":"#0","tintindex":0}}}],"display":{"head":{"translation":[0.0,-6.4,0.0],"scale":[4.0,4.0,4.0]}}}