{"textures":{"0":"modelengine:entity/vending_bot"},"elements":[{"from":[10.457143,22.342857,3.3142858],"to":[11.257143,22.57143,4.5142856],"rotation":{"angle":0.0,"axis":"y","origin":[8.0,7.885714,7.9428573]},"faces":{"east":{"uv":[10.0,9.625,10.25,9.6875],"rotation":0,"texture":"#0","tintindex":0},"south":{"uv":[10.125,9.0,10.3125,9.0625],"rotation":0,"texture":"#0","tintindex":0},"north":{"uv":[10.125,8.875,10.3125,8.9375],"rotation":0,"texture":"#0","tintindex":0},"west":{"uv":[10.0,9.75,10.25,9.8125],"rotation":0,"texture":"#0","tintindex":0},"up":{"uv":[6.3125,9.625,6.125,9.375],"rotation":0,"texture":"#0","tintindex":0},"down":{"uv":[6.9375,9.375,6.75,9.625],"rotation":0,"texture":"#0","tintindex":0}}}],"display":{"head":{"translation":[0.0,-6.4,0.0],"scale":[4.0,4.0,4.0]}}}