{"textures":{"0":"modelengine:entity/vending_bot"},"elements":[{"from":[4.742857,15.085714,5.542857],"to":[5.142857,20.068573,6.0],"rotation":{"angle":0.0,"axis":"y","origin":[7.428571,8.0,8.0]},"faces":{"east":{"uv":[4.125,8.25,4.21875,9.34375],"rotation":0,"texture":"#0","tintindex":0},"south":{"uv":[6.75,8.25,6.84375,9.34375],"rotation":0,"texture":"#0","tintindex":0},"north":{"uv":[4.0,8.25,4.09375,9.34375],"rotation":0,"texture":"#0","tintindex":0},"west":{"uv":[6.875,8.25,6.96875,9.34375],"rotation":0,"texture":"#0","tintindex":0},"up":{"uv":[0.09375,10.34375,0.0,10.25],"rotation":0,"texture":"#0","tintindex":0},"down":{"uv":[0.21875,10.25,0.125,10.34375],"rotation":0,"texture":"#0","tintindex":0}}},{"from":[4.742857,15.085714,9.885715],"to":[5.142857,20.068573,10.285714],"rotation":{"angle":0.0,"axis":"y","origin":[7.428571,8.0,8.0]},"faces":{"east":{"uv":[7.625,8.25,7.71875,9.34375],"rotation":0,"texture":"#0","tintindex":0},"south":{"uv":[7.75,8.25,7.84375,9.34375],"rotation":0,"texture":"#0","tintindex":0},"north":{"uv":[7.5,8.25,7.59375,9.34375],"rotation":0,"texture":"#0","tintindex":0},"west":{"uv":[7.875,8.25,7.96875,9.34375],"rotation":0,"texture":"#0","tintindex":0},"up":{"uv":[10.34375,0.84375,10.25,0.75],"rotation":0,"texture":"#0","tintindex":0},"down":{"uv":[0.96875,10.25,0.875,10.34375],"rotation":0,"texture":"#0","tintindex":0}}},{"from":[10.914286,15.085714,5.542857],"to":[11.314286,20.068573,6.0],"rotation":{"angle":0.0,"axis":"y","origin":[8.0,8.0,8.0]},"faces":{"east":{"uv":[7.125,8.25,7.21875,9.34375],"rotation":0,"texture":"#0","tintindex":0},"south":{"uv":[7.25,8.25,7.34375,9.34375],"rotation":0,"texture":"#0","tintindex":0},"north":{"uv":[7.0,8.25,7.09375,9.34375],"rotation":0,"texture":"#0","tintindex":0},"west":{"uv":[7.375,8.25,7.46875,9.34375],"rotation":0,"texture":"#0","tintindex":0},"up":{"uv":[0.71875,10.34375,0.625,10.25],"rotation":0,"texture":"#0","tintindex":0},"down":{"uv":[0.84375,10.25,0.75,10.34375],"rotation":0,"texture":"#0","tintindex":0}}},{"from":[10.857143,15.085714,9.885715],"to":[11.314286,20.068573,10.285714],"rotation":{"angle":0.0,"axis":"y","origin":[8.0,8.0,8.0]},"faces":{"east":{"uv":[8.125,8.25,8.21875,9.34375],"rotation":0,"texture":"#0","tintindex":0},"south":{"uv":[8.25,8.25,8.34375,9.34375],"rotation":0,"texture":"#0","tintindex":0},"north":{"uv":[8.0,8.25,8.09375,9.34375],"rotation":0,"texture":"#0","tintindex":0},"west":{"uv":[0.375,8.375,0.46875,9.46875],"rotation":0,"texture":"#0","tintindex":0},"up":{"uv":[10.34375,1.84375,10.25,1.75],"rotation":0,"texture":"#0","tintindex":0},"down":{"uv":[1.96875,10.25,1.875,10.34375],"rotation":0,"texture":"#0","tintindex":0}}},{"from":[5.142857,15.085714,5.542857],"to":[10.914286,20.068573,5.542857],"rotation":{"angle":0.0,"axis":"y","origin":[8.0,8.0,8.0]},"faces":{"east":{"uv":[0.0,0.0,0.0,1.09375],"rotation":0,"texture":"#0","tintindex":0},"south":{"uv":[2.5,4.125,3.75,5.21875],"rotation":0,"texture":"#0","tintindex":0},"north":{"uv":[3.5,0.0,4.75,1.09375],"rotation":0,"texture":"#0","tintindex":0},"west":{"uv":[0.0,0.0,0.0,1.09375],"rotation":0,"texture":"#0","tintindex":0},"up":{"uv":[1.25,0.0,0.0,0.0],"rotation":0,"texture":"#0","tintindex":0},"down":{"uv":[1.25,0.0,0.0,0.0],"rotation":0,"texture":"#0","tintindex":0}}},{"from":[5.142857,15.085714,9.771429],"to":[10.914286,20.068573,10.285714],"rotation":{"angle":0.0,"axis":"y","origin":[8.0,8.0,8.0]},"faces":{"east":{"uv":[4.75,6.75,4.875,7.84375],"rotation":0,"texture":"#0","tintindex":0},"south":{"uv":[4.25,1.125,5.5,2.21875],"rotation":0,"texture":"#0","tintindex":0},"north":{"uv":[3.75,4.125,5.0,5.21875],"rotation":0,"texture":"#0","tintindex":0},"west":{"uv":[8.25,0.5,8.375,1.59375],"rotation":0,"texture":"#0","tintindex":0},"up":{"uv":[1.625,8.375,0.375,8.25],"rotation":0,"texture":"#0","tintindex":0},"down":{"uv":[9.5,0.375,8.25,0.5],"rotation":0,"texture":"#0","tintindex":0}}},{"from":[4.742857,15.142858,6.0],"to":[5.142857,20.034286,9.885715],"rotation":{"angle":0.0,"axis":"y","origin":[7.428571,8.0,8.0]},"faces":{"east":{"uv":[0.0,5.375,0.84375,6.4375],"rotation":0,"texture":"#0","tintindex":0},"south":{"uv":[8.375,0.5,8.46875,1.5625],"rotation":0,"texture":"#0","tintindex":0},"north":{"uv":[0.5,8.375,0.59375,9.4375],"rotation":0,"texture":"#0","tintindex":0},"west":{"uv":[5.0,5.375,5.84375,6.4375],"rotation":0,"texture":"#0","tintindex":0},"up":{"uv":[3.59375,9.34375,3.5,8.5],"rotation":0,"texture":"#0","tintindex":0},"down":{"uv":[3.71875,8.5,3.625,9.34375],"rotation":0,"texture":"#0","tintindex":0}}},{"from":[10.857143,15.114286,6.0],"to":[11.314286,20.04,9.885715],"rotation":{"angle":0.0,"axis":"y","origin":[8.571428,8.0,8.0]},"faces":{"east":{"uv":[5.5,0.875,6.34375,1.9375],"rotation":0,"texture":"#0","tintindex":0},"south":{"uv":[0.75,8.375,0.84375,9.4375],"rotation":0,"texture":"#0","tintindex":0},"north":{"uv":[0.625,8.375,0.71875,9.4375],"rotation":0,"texture":"#0","tintindex":0},"west":{"uv":[0.875,5.625,1.71875,6.6875],"rotation":0,"texture":"#0","tintindex":0},"up":{"uv":[3.84375,9.34375,3.75,8.5],"rotation":0,"texture":"#0","tintindex":0},"down":{"uv":[3.96875,8.5,3.875,9.34375],"rotation":0,"texture":"#0","tintindex":0}}}],"display":{"head":{"translation":[0.0,-6.4,0.0],"scale":[4.0,4.0,4.0]}}}