{"credit":"Made by kamisama_.","texture_size":[256,256],"textures":{"1":"vending_machine:animation_3","48":"vending_machine:vending_machine","particle":"vending_machine:animation_3"},"elements":[{"from":[-5.5,-10,-1.5],"to":[-4.5,28.1,16.5],"rotation":{"angle":0,"axis":"y","origin":[0.5,0,1.5]},"faces":{"north":{"uv":[3.125,6.0625,3.1875,8.44531],"texture":"#48","tintindex":0},"east":{"uv":[0,2.4375,1.125,4.82031],"texture":"#48"},"south":{"uv":[3.1875,6.0625,3.25,8.44531],"texture":"#48","tintindex":0},"west":{"uv":[1.125,2.4375,2.25,4.82031],"texture":"#48","tintindex":0},"up":{"uv":[4.6875,7.4375,4.625,6.3125],"texture":"#48","tintindex":0},"down":{"uv":[4.75,6.3125,4.6875,7.4375],"texture":"#48","tintindex":0}}},{"from":[-1,0,-0.5],"to":[-0.5,27,15.5],"rotation":{"angle":0,"axis":"y","origin":[0.5,0,1.5]},"faces":{"north":{"uv":[5.375,6.3125,5.40625,8],"texture":"#48"},"east":{"uv":[3.375,2.4375,4.375,4.125],"texture":"#48"},"south":{"uv":[5.4375,6.3125,5.46875,8],"texture":"#48"},"west":{"uv":[3.625,0,4.625,1.6875],"texture":"#48"},"up":{"uv":[5.28125,7.9375,5.25,6.9375],"texture":"#48"},"down":{"uv":[5.34375,6.9375,5.3125,7.9375],"texture":"#48"}}},{"from":[15.5,-10,-1.4],"to":[16.5,28.1,16.5],"rotation":{"angle":0,"axis":"y","origin":[0.5,0,1.5]},"faces":{"north":{"uv":[5.5,6.125,5.5625,8.50781],"texture":"#48","tintindex":0},"east":{"uv":[2.25,2.4375,3.375,4.82031],"texture":"#48","tintindex":0},"south":{"uv":[5.5625,6.125,5.625,8.50781],"texture":"#48","tintindex":0},"west":{"uv":[2.5,0,3.625,2.38281],"texture":"#48"},"up":{"uv":[4.8125,7.4375,4.75,6.3125],"texture":"#48","tintindex":0},"down":{"uv":[4.875,6.3125,4.8125,7.4375],"texture":"#48","tintindex":0}}},{"from":[-4.5,-10,15.5],"to":[15.5,28.1,16.5],"rotation":{"angle":0,"axis":"y","origin":[0.5,0,1.5]},"faces":{"north":{"uv":[0,0,1.25,2.38281],"texture":"#48"},"east":{"uv":[5.625,6.125,5.6875,8.50781],"texture":"#48"},"south":{"uv":[1.25,0,2.5,2.38281],"texture":"#48","tintindex":0},"west":{"uv":[0,6.1875,0.0625,8.57031],"texture":"#48","tintindex":0},"up":{"uv":[7.625,4.1875,6.375,4.125],"texture":"#48","tintindex":0},"down":{"uv":[7.625,4.1875,6.375,4.25],"texture":"#48","tintindex":0}}},{"from":[-0.65,0,-1.3],"to":[15.6,22.7,-0.3],"rotation":{"angle":0,"axis":"y","origin":[15.5,16,1.5]},"faces":{"north":{"uv":[3.375,4.125,4.39063,5.54688],"texture":"#48"},"east":{"uv":[4.5,6.3125,4.5625,7.73438],"texture":"#48"},"west":{"uv":[4.5625,6.3125,4.625,7.73438],"texture":"#48"},"up":{"uv":[7.45313,5.8125,6.4375,5.75],"texture":"#48"},"down":{"uv":[7.45313,5.8125,6.4375,5.875],"texture":"#48"}}},{"from":[-4.5,0,-1.5],"to":[-0.5,27,-0.5],"rotation":{"angle":0,"axis":"y","origin":[0.5,0,1.5]},"faces":{"north":{"uv":[5.6875,4.25,5.9375,5.9375],"texture":"#48","tintindex":0},"east":{"uv":[1.0625,6.1875,1.125,7.875],"texture":"#48"},"south":{"uv":[4.25,5.8125,4.5,7.5],"texture":"#48"},"west":{"uv":[1.125,6.1875,1.1875,7.875],"texture":"#48"},"up":{"uv":[5.9375,6,5.6875,5.9375],"texture":"#48"},"down":{"uv":[6.6875,7.0625,6.4375,7.125],"texture":"#48"}}},{"from":[-4.5,-10,-1.5],"to":[-0.5,0,-0.5],"rotation":{"angle":0,"axis":"y","origin":[0.5,0,1.5]},"faces":{"north":{"uv":[2.625,6.0625,2.875,6.6875],"texture":"#48","tintindex":0},"east":{"uv":[2.625,6.0625,2.875,6.6875],"texture":"#48","tintindex":0},"south":{"uv":[2.625,6.0625,2.875,6.6875],"texture":"#48","tintindex":0},"west":{"uv":[2.625,6.0625,2.875,6.6875],"texture":"#48","tintindex":0},"up":{"uv":[2.625,6.0625,2.875,6.6875],"texture":"#48","tintindex":0},"down":{"uv":[2.625,6.0625,2.875,6.6875],"texture":"#48","tintindex":0}}},{"from":[14.8,-10,-1.4],"to":[15.5,0,-0.5],"rotation":{"angle":0,"axis":"y","origin":[0.5,0,1.5]},"faces":{"north":{"uv":[3.0625,7,3.10938,7.625],"texture":"#48","tintindex":0},"east":{"uv":[3.3125,4.875,3.375,5.5],"texture":"#48"},"south":{"uv":[2.3125,7.0625,2.35938,7.6875],"texture":"#48"},"west":{"uv":[2.4375,6.75,2.5,7.375],"texture":"#48"},"up":{"uv":[3.29688,5.5625,3.25,5.5],"texture":"#48"},"down":{"uv":[3.35938,5.5,3.3125,5.5625],"texture":"#48","tintindex":0}}},{"from":[-4.5,-10.01,-0.5],"to":[15.5,-9.6,15.5],"rotation":{"angle":0,"axis":"y","origin":[0.5,0,1.5]},"faces":{"north":{"uv":[6.875,3.4375,8.125,3.46094],"texture":"#48"},"east":{"uv":[7.0625,6.4375,8.0625,6.46094],"texture":"#48"},"south":{"uv":[6.9375,4.8125,8.1875,4.83594],"texture":"#48"},"west":{"uv":[7.0625,6.5,8.0625,6.52344],"texture":"#48"},"up":{"uv":[5.6875,4.8125,4.4375,3.8125],"texture":"#48"},"down":{"uv":[5.875,0,4.625,1],"texture":"#48","tintindex":0}}},{"from":[-4.5,27,-1.5],"to":[15.5,28.1,15.5],"rotation":{"angle":0,"axis":"y","origin":[0.5,0,1.5]},"faces":{"north":{"uv":[6.125,6.3125,7.375,6.38281],"texture":"#48","tintindex":0},"east":{"uv":[6.4375,4.875,7.5,4.94531],"texture":"#48"},"south":{"uv":[6.375,3.5,7.625,3.57031],"texture":"#48"},"west":{"uv":[6.4375,5,7.5,5.07031],"texture":"#48"},"up":{"uv":[5.625,2.75,4.375,1.6875],"texture":"#48","tintindex":0},"down":{"uv":[5.625,2.75,4.375,3.8125],"texture":"#48"}}},{"from":[-0.5,-2,-1.4],"to":[14.8,0,-0.5],"rotation":{"angle":0,"axis":"y","origin":[0.5,0,1.5]},"faces":{"north":{"uv":[6.125,6.1875,7.07813,6.3125],"texture":"#48","tintindex":0},"east":{"uv":[4.3125,2.3125,4.375,2.4375],"texture":"#48"},"south":{"uv":[1.625,6.3125,2.57813,6.4375],"texture":"#48"},"west":{"uv":[4.375,4,4.4375,4.125],"texture":"#48"},"up":{"uv":[5.57813,1.6875,4.625,1.625],"texture":"#48"},"down":{"uv":[7.39063,5.875,6.4375,5.9375],"texture":"#48"}}},{"from":[-0.5,-10,-1.4],"to":[14.8,-7.5,-0.5],"rotation":{"angle":0,"axis":"y","origin":[0.5,0,1.5]},"faces":{"north":{"uv":[0.0625,6.1875,1.01563,6.34375],"texture":"#48","tintindex":0},"east":{"uv":[4.375,3.8125,4.4375,3.96875],"texture":"#48"},"south":{"uv":[3.25,6.1875,4.20313,6.34375],"texture":"#48"},"west":{"uv":[5.625,3.5,5.6875,3.65625],"texture":"#48"},"up":{"uv":[7.39063,6,6.4375,5.9375],"texture":"#48"},"down":{"uv":[7.82813,0.9375,6.875,1],"texture":"#48","tintindex":0}}},{"from":[-0.6,-7.4,-0.1],"to":[14.9,-2,-0.1],"rotation":{"angle":0,"axis":"y","origin":[0.5,0,1.5]},"faces":{"north":{"uv":[5.875,0,6.84375,0.33594],"texture":"#48"},"east":{"uv":[0,0,0,0.33594],"texture":"#48"},"west":{"uv":[0,0,0,0.33594],"texture":"#48"},"up":{"uv":[0.96875,0,0,0],"texture":"#48"},"down":{"uv":[0.96875,0,0,0],"texture":"#48"}}},{"from":[-0.5,-7.4,-1.1],"to":[14.9,-2,-1.1],"rotation":{"angle":0,"axis":"y","origin":[0.5,0,1.5]},"faces":{"north":{"uv":[5.875,0.375,6.83594,0.71094],"texture":"#48"},"east":{"uv":[0,0,0,0.33594],"texture":"#48"},"west":{"uv":[0,0,0,0.33594],"texture":"#48"},"up":{"uv":[0.96094,0,0,0],"texture":"#48"},"down":{"uv":[0.96094,0,0,0],"texture":"#48"}}},{"from":[-0.5,22.5,-3.5],"to":[15.5,27,15.5],"rotation":{"angle":0,"axis":"x","origin":[0.5,0,1.5]},"faces":{"north":{"uv":[5.9375,4.25,6.9375,4.53125],"texture":"#48"},"east":{"uv":[4.5,5.8125,5.6875,6.09375],"texture":"#48","tintindex":0},"south":{"uv":[5.9375,4.5625,6.9375,4.84375],"texture":"#48"},"west":{"uv":[0,5.875,1.1875,6.15625],"texture":"#48","tintindex":0},"up":{"uv":[2.25,6.0625,1.25,4.875],"texture":"#48","tintindex":0},"down":{"uv":[3.25,4.875,2.25,6.0625],"texture":"#48","tintindex":0}}},{"from":[-0.5,22.4,-3.6],"to":[15.5,27,-3.6],"rotation":{"angle":0,"axis":"y","origin":[0.5,0,1.5]},"faces":{"north":{"uv":[0,3.5,16,12.75],"texture":"#1"},"east":{"uv":[4.5,5.8125,5.6875,6.09375],"texture":"#48"},"south":{"uv":[5.9375,4.5625,6.9375,4.84375],"texture":"#48"},"west":{"uv":[0,5.875,1.1875,6.15625],"texture":"#48"},"up":{"uv":[2.25,6.0625,1.25,4.875],"texture":"#48"},"down":{"uv":[3.25,4.875,2.25,6.0625],"texture":"#48"}}},{"from":[-0.5,17.1,5.5],"to":[15.5,18.5,15.5],"rotation":{"angle":0,"axis":"y","origin":[0.5,0,1.5]},"faces":{"north":{"uv":[0.0625,6.375,1.0625,6.46094],"texture":"#48"},"east":{"uv":[6.875,1.5,7.5,1.58594],"texture":"#48"},"south":{"uv":[3.25,6.375,4.25,6.46094],"texture":"#48"},"west":{"uv":[6.875,1.625,7.5,1.71094],"texture":"#48"},"up":{"uv":[5.625,1.625,4.625,1],"texture":"#48"},"down":{"uv":[4.25,5.5625,3.25,6.1875],"texture":"#48"}}},{"from":[-0.5,10.5,5.5],"to":[15.5,11.9,15.5],"rotation":{"angle":0,"axis":"y","origin":[0.5,0,1.5]},"faces":{"north":{"uv":[6.375,3.875,7.375,3.96094],"texture":"#48"},"east":{"uv":[6.875,2,7.5,2.08594],"texture":"#48"},"south":{"uv":[6.375,4,7.375,4.08594],"texture":"#48"},"west":{"uv":[6.875,2.125,7.5,2.21094],"texture":"#48"},"up":{"uv":[6.625,2.875,5.625,2.25],"texture":"#48"},"down":{"uv":[6.625,2.875,5.625,3.5],"texture":"#48"}}},{"from":[-0.5,4,5.5],"to":[15.5,5.4,15.5],"rotation":{"angle":0,"axis":"y","origin":[0.5,0,1.5]},"faces":{"north":{"uv":[6.375,3.875,7.375,3.96094],"texture":"#48"},"east":{"uv":[6.875,2,7.5,2.08594],"texture":"#48"},"south":{"uv":[6.375,4,7.375,4.08594],"texture":"#48"},"west":{"uv":[6.875,2.125,7.5,2.21094],"texture":"#48"},"up":{"uv":[6.625,2.875,5.625,2.25],"texture":"#48"},"down":{"uv":[6.625,2.875,5.625,3.5],"texture":"#48"}}},{"from":[-4.5,-0.4,-0.5],"to":[15.5,0,15.5],"rotation":{"angle":0,"axis":"y","origin":[0.5,0,1.5]},"faces":{"north":{"uv":[6.9375,5.6875,8.1875,5.71094],"texture":"#48"},"east":{"uv":[7.0625,6.5625,8.0625,6.58594],"texture":"#48"},"south":{"uv":[7.0625,3.375,8.3125,3.39844],"texture":"#48"},"west":{"uv":[7.125,0,8.125,0.02344],"texture":"#48"},"up":{"uv":[5.6875,5.8125,4.4375,4.8125],"texture":"#48"},"down":{"uv":[1.25,4.875,0,5.875],"texture":"#48"}}},{"from":[-4,-13,0],"to":[-1,-10,3],"faces":{"north":{"uv":[5.9375,6.5625,6.125,6.75],"texture":"#48"},"east":{"uv":[6.875,3.25,7.0625,3.4375],"texture":"#48"},"south":{"uv":[5.6875,6.875,5.875,7.0625],"texture":"#48"},"west":{"uv":[6.875,6.4375,7.0625,6.625],"texture":"#48"},"up":{"uv":[1.375,7.125,1.1875,6.9375],"texture":"#48"},"down":{"uv":[7.125,4.25,6.9375,4.4375],"texture":"#48"}}},{"from":[-4.1,-13,12],"to":[-1.1,-10,15],"rotation":{"angle":0,"axis":"y","origin":[-0.1,0,0]},"faces":{"north":{"uv":[6.9375,4.4375,7.125,4.625],"texture":"#48"},"east":{"uv":[6.9375,4.625,7.125,4.8125],"texture":"#48"},"south":{"uv":[4.875,6.9375,5.0625,7.125],"texture":"#48"},"west":{"uv":[5.0625,6.9375,5.25,7.125],"texture":"#48"},"up":{"uv":[7.125,5.3125,6.9375,5.125],"texture":"#48"},"down":{"uv":[7.125,5.3125,6.9375,5.5],"texture":"#48"}}},{"from":[11.9,-13,12],"to":[14.9,-10,15],"rotation":{"angle":0,"axis":"y","origin":[-0.1,0,0]},"faces":{"north":{"uv":[6.9375,5.5,7.125,5.6875],"texture":"#48"},"east":{"uv":[6.9375,6.625,7.125,6.8125],"texture":"#48"},"south":{"uv":[6.9375,6.8125,7.125,7],"texture":"#48"},"west":{"uv":[2.5,7,2.6875,7.1875],"texture":"#48"},"up":{"uv":[2.875,7.1875,2.6875,7],"texture":"#48"},"down":{"uv":[3.0625,7,2.875,7.1875],"texture":"#48"}}},{"from":[11.9,-13,0],"to":[14.9,-10,3],"rotation":{"angle":0,"axis":"y","origin":[-0.1,0,0]},"faces":{"north":{"uv":[6.9375,7,7.125,7.1875],"texture":"#48"},"east":{"uv":[1.375,7.0625,1.5625,7.25],"texture":"#48"},"south":{"uv":[1.5625,7.0625,1.75,7.25],"texture":"#48"},"west":{"uv":[1.75,7.0625,1.9375,7.25],"texture":"#48"},"up":{"uv":[2.125,7.25,1.9375,7.0625],"texture":"#48"},"down":{"uv":[2.3125,7.0625,2.125,7.25],"texture":"#48"}}},{"from":[-3.9,12.8,-2.5],"to":[-1.1,15.8,0.5],"rotation":{"angle":22.5,"axis":"x","origin":[0.1,12,-1]},"faces":{"north":{"uv":[5.6875,7.0625,5.85938,7.25],"texture":"#48"},"east":{"uv":[7.0625,3,7.25,3.1875],"texture":"#48"},"south":{"uv":[5.875,7.0625,6.04688,7.25],"texture":"#48"},"west":{"uv":[7.0625,3.1875,7.25,3.375],"texture":"#48"},"up":{"uv":[6.23438,7.25,6.0625,7.0625],"texture":"#48"},"down":{"uv":[6.42188,7.0625,6.25,7.25],"texture":"#48"}}},{"from":[-4.5,22.6,-7.65],"to":[-0.3,25.6,-4.2],"rotation":{"angle":22.5,"axis":"x","origin":[0.1,12,-1]},"faces":{"north":{"uv":[6.875,2.25,7.14063,2.4375],"texture":"#48","tintindex":0},"east":{"uv":[6.875,2.625,7.09375,2.8125],"texture":"#48"},"south":{"uv":[6.875,2.4375,7.14063,2.625],"texture":"#48"},"west":{"uv":[6.875,2.8125,7.09375,3],"texture":"#48","tintindex":0},"up":{"uv":[7.14063,1.21875,6.875,1],"texture":"#48","tintindex":0},"down":{"uv":[7.14063,1.25,6.875,1.46875],"texture":"#48","tintindex":0}}},{"from":[-0.5,-6.2,5.099],"to":[14.8,-3.1,8.099],"rotation":{"angle":22.5,"axis":"x","origin":[0.1,12,-1]},"faces":{"north":{"uv":[5.875,0.75,6.82813,0.94531],"texture":"#48"},"east":{"uv":[4.25,5.5625,4.4375,5.75781],"texture":"#48"},"south":{"uv":[1.625,6.0625,2.57813,6.25781],"texture":"#48"},"west":{"uv":[6.875,3,7.0625,3.19531],"texture":"#48"},"up":{"uv":[5.45313,6.3125,4.5,6.125],"texture":"#48"},"down":{"uv":[7.07813,6,6.125,6.1875],"texture":"#48"}}},{"from":[-2.7,20.6,-1.7],"to":[-2.3,21.1,-1.5],"rotation":{"angle":0,"axis":"y","origin":[0.1,0,0]},"faces":{"north":{"uv":[3.6875,7.125,3.71094,7.15625],"texture":"#48"},"east":{"uv":[3.8125,7.125,3.82813,7.15625],"texture":"#48"},"south":{"uv":[3.75,7.125,3.77344,7.15625],"texture":"#48"},"west":{"uv":[3.875,7.125,3.89063,7.15625],"texture":"#48"},"up":{"uv":[3.96094,7.14063,3.9375,7.125],"texture":"#48"},"down":{"uv":[4.02344,7.125,4,7.14063],"texture":"#48"}}},{"from":[-3.9,20.45,-1.8],"to":[-1.2,21.4,-1.4],"rotation":{"angle":0,"axis":"y","origin":[0.1,0,0]},"faces":{"north":{"uv":[1.4375,6.625,1.60938,6.6875],"texture":"#48"},"east":{"uv":[2.375,7.0625,2.39844,7.125],"texture":"#48"},"south":{"uv":[1.4375,6.6875,1.60938,6.75],"texture":"#48"},"west":{"uv":[7.125,0.1875,7.14844,0.25],"texture":"#48"},"up":{"uv":[7.29688,0.08594,7.125,0.0625],"texture":"#48"},"down":{"uv":[7.29688,0.125,7.125,0.14844],"texture":"#48"}}},{"from":[-4.1,16.3,-1.6],"to":[-0.9,20.45,-1.6],"rotation":{"angle":0,"axis":"y","origin":[15.9,16,16]},"faces":{"north":{"uv":[1.4375,6.75,1.60938,6.6875],"texture":"#48"},"east":{"uv":[7.125,0.25,7.14844,0.1875],"texture":"#48"},"south":{"uv":[1.4375,6.6875,1.60938,6.625],"texture":"#48"},"west":{"uv":[2.375,7.125,2.39844,7.0625],"texture":"#48"},"up":{"uv":[7.125,0.125,7.29688,0.14844],"texture":"#48"},"down":{"uv":[7.125,0.08594,7.29688,0.0625],"texture":"#48"}}},{"from":[-1.9,19.5,-1.8],"to":[-1.2,20.2,-1.4],"rotation":{"angle":0,"axis":"y","origin":[0.1,0,0]},"faces":{"north":{"uv":[5.625,3.6875,5.67188,3.73438],"texture":"#48"},"east":{"uv":[7.125,0.375,7.14844,0.42188],"texture":"#48"},"south":{"uv":[5.625,3.75,5.67188,3.79688],"texture":"#48"},"west":{"uv":[0.4375,7.125,0.46094,7.17188],"texture":"#48"},"up":{"uv":[7.17188,0.46094,7.125,0.4375],"texture":"#48"},"down":{"uv":[0.54688,7.125,0.5,7.14844],"texture":"#48"}}},{"from":[-2.9,19.5,-1.8],"to":[-2.2,20.2,-1.4],"rotation":{"angle":0,"axis":"y","origin":[0.1,0,0]},"faces":{"north":{"uv":[1.1875,5.875,1.23438,5.92188],"texture":"#48"},"east":{"uv":[7.125,0.5,7.14844,0.54688],"texture":"#48"},"south":{"uv":[1.1875,5.9375,1.23438,5.98438],"texture":"#48"},"west":{"uv":[0.5625,7.125,0.58594,7.17188],"texture":"#48"},"up":{"uv":[7.17188,0.58594,7.125,0.5625],"texture":"#48"},"down":{"uv":[0.67188,7.125,0.625,7.14844],"texture":"#48"}}},{"from":[-3.9,19.5,-1.8],"to":[-3.2,20.2,-1.4],"rotation":{"angle":0,"axis":"y","origin":[0.1,0,0]},"faces":{"north":{"uv":[1.1875,6,1.23438,6.04688],"texture":"#48"},"east":{"uv":[7.125,0.625,7.14844,0.67188],"texture":"#48"},"south":{"uv":[2.5,6.75,2.54688,6.79688],"texture":"#48"},"west":{"uv":[0.6875,7.125,0.71094,7.17188],"texture":"#48"},"up":{"uv":[7.17188,0.71094,7.125,0.6875],"texture":"#48"},"down":{"uv":[0.79688,7.125,0.75,7.14844],"texture":"#48"}}},{"from":[-1.9,18.5,-1.8],"to":[-1.2,19.2,-1.4],"rotation":{"angle":0,"axis":"y","origin":[0.1,0,0]},"faces":{"north":{"uv":[2.5625,6.875,2.60938,6.92188],"texture":"#48"},"east":{"uv":[1.25,7.125,1.27344,7.17188],"texture":"#48"},"south":{"uv":[5.875,6.875,5.92188,6.92188],"texture":"#48"},"west":{"uv":[1.3125,7.125,1.33594,7.17188],"texture":"#48"},"up":{"uv":[2.42188,7.14844,2.375,7.125],"texture":"#48"},"down":{"uv":[7.17188,2.625,7.125,2.64844],"texture":"#48"}}},{"from":[-1.9,17.5,-1.8],"to":[-1.2,18.2,-1.3],"rotation":{"angle":0,"axis":"y","origin":[0.1,0,0]},"faces":{"north":{"uv":[6.875,6.625,6.92188,6.67188],"texture":"#48"},"east":{"uv":[7.125,0.25,7.15625,0.29688],"texture":"#48"},"south":{"uv":[6.875,6.6875,6.92188,6.73438],"texture":"#48"},"west":{"uv":[0.3125,7.125,0.34375,7.17188],"texture":"#48"},"up":{"uv":[7.17188,0.34375,7.125,0.3125],"texture":"#48"},"down":{"uv":[0.42188,7.125,0.375,7.15625],"texture":"#48"}}},{"from":[-2.9,17.5,-1.8],"to":[-2.2,18.2,-1.4],"rotation":{"angle":0,"axis":"y","origin":[0.1,0,0]},"faces":{"north":{"uv":[1.375,6.9375,1.42188,6.98438],"texture":"#48"},"east":{"uv":[7.125,2.6875,7.14844,2.73438],"texture":"#48"},"south":{"uv":[2.5,6.9375,2.54688,6.98438],"texture":"#48"},"west":{"uv":[7.125,2.75,7.14844,2.79688],"texture":"#48"},"up":{"uv":[7.17188,2.83594,7.125,2.8125],"texture":"#48"},"down":{"uv":[7.17188,2.875,7.125,2.89844],"texture":"#48"}}},{"from":[-3.9,17.5,-1.8],"to":[-3.2,18.2,-1.4],"rotation":{"angle":0,"axis":"y","origin":[0.1,0,0]},"faces":{"north":{"uv":[2.5625,6.9375,2.60938,6.98438],"texture":"#48"},"east":{"uv":[7.125,2.9375,7.14844,2.98438],"texture":"#48"},"south":{"uv":[5.875,6.9375,5.92188,6.98438],"texture":"#48"},"west":{"uv":[3.25,7.125,3.27344,7.17188],"texture":"#48"},"up":{"uv":[3.35938,7.14844,3.3125,7.125],"texture":"#48"},"down":{"uv":[3.42188,7.125,3.375,7.14844],"texture":"#48"}}},{"from":[-3.9,18.5,-1.8],"to":[-3.2,19.2,-1.4],"rotation":{"angle":0,"axis":"y","origin":[0.1,0,0]},"faces":{"north":{"uv":[2.5625,6.75,2.60938,6.79688],"texture":"#48"},"east":{"uv":[7.125,0.75,7.14844,0.79688],"texture":"#48"},"south":{"uv":[2.5,6.8125,2.54688,6.85938],"texture":"#48"},"west":{"uv":[0.8125,7.125,0.83594,7.17188],"texture":"#48"},"up":{"uv":[7.17188,0.83594,7.125,0.8125],"texture":"#48"},"down":{"uv":[0.92188,7.125,0.875,7.14844],"texture":"#48"}}},{"from":[-2.9,18.5,-1.8],"to":[-2.2,19.2,-1.4],"rotation":{"angle":0,"axis":"y","origin":[0.1,0,0]},"faces":{"north":{"uv":[2.5625,6.8125,2.60938,6.85938],"texture":"#48"},"east":{"uv":[7.125,0.875,7.14844,0.92188],"texture":"#48"},"south":{"uv":[2.5,6.875,2.54688,6.92188],"texture":"#48"},"west":{"uv":[0.9375,7.125,0.96094,7.17188],"texture":"#48"},"up":{"uv":[1.04688,7.14844,1,7.125],"texture":"#48"},"down":{"uv":[1.23438,7.125,1.1875,7.14844],"texture":"#48"}}},{"from":[-2.9,16.5,-1.8],"to":[-2.2,17.2,-1.4],"rotation":{"angle":0,"axis":"y","origin":[0.1,0,0]},"faces":{"north":{"uv":[1.375,7,1.42188,7.04688],"texture":"#48"},"east":{"uv":[3.4375,7.125,3.46094,7.17188],"texture":"#48"},"south":{"uv":[5.875,7,5.92188,7.04688],"texture":"#48"},"west":{"uv":[3.5,7.125,3.52344,7.17188],"texture":"#48"},"up":{"uv":[3.60938,7.14844,3.5625,7.125],"texture":"#48"},"down":{"uv":[3.67188,7.125,3.625,7.14844],"texture":"#48"}}},{"from":[-5.58,4,2.4],"to":[-5.58,16,13.4],"faces":{"north":{"uv":[0,0,0,0.75],"texture":"#48"},"east":{"uv":[3.625,1.6875,4.3125,2.4375],"texture":"#48"},"south":{"uv":[0,0,0,0.75],"texture":"#48"},"west":{"uv":[5.6875,3.5,6.375,4.25],"texture":"#48"},"up":{"uv":[0,0.6875,0,0],"texture":"#48"},"down":{"uv":[0,0,0,0.6875],"texture":"#48"}}},{"from":[16.55,13.6,6.1],"to":[16.55,22,12.7],"faces":{"north":{"uv":[0,0,0,0.52344],"texture":"#48"},"east":{"uv":[5.6875,6,6.10156,6.52344],"texture":"#48"},"south":{"uv":[0,0,0,0.52344],"texture":"#48"},"west":{"uv":[1.1875,6.0625,1.60156,6.58594],"texture":"#48"},"up":{"uv":[0,0.41406,0,0],"texture":"#48"},"down":{"uv":[0,0,0,0.41406],"texture":"#48"}}},{"from":[16.55,-5.1,1],"to":[16.55,3.4,8.8],"faces":{"north":{"uv":[0,0,0,0.53125],"texture":"#48"},"east":{"uv":[5.9375,4.875,6.42188,5.40625],"texture":"#48"},"south":{"uv":[0,0,0,0.53125],"texture":"#48"},"west":{"uv":[5.9375,5.4375,6.42188,5.96875],"texture":"#48"},"up":{"uv":[0,0.48438,0,0],"texture":"#48"},"down":{"uv":[0,0,0,0.48438],"texture":"#48"}}},{"from":[-0.5,22.5,-3.75],"to":[15.5,27,-3.75],"faces":{"north":{"uv":[0,3.25,16,12.75],"texture":"#1"},"east":{"uv":[0,0,0,0.28125],"texture":"#missing"},"south":{"uv":[0,0,1,0.28125],"texture":"#missing"},"west":{"uv":[0,0,0,0.28125],"texture":"#missing"},"up":{"uv":[0,0,1,0],"texture":"#missing"},"down":{"uv":[0,0,1,0],"texture":"#missing"}}}],"display":{"thirdperson_righthand":{"rotation":[32.75,0,0],"translation":[0.5,0.75,-0.5],"scale":[0.2,0.2,0.2]},"thirdperson_lefthand":{"rotation":[32.75,0,0],"translation":[0.5,0.75,-0.5],"scale":[0.2,0.2,0.2]},"firstperson_righthand":{"rotation":[0,172,0],"translation":[0,3.25,0],"scale":[0.2,0.2,0.2]},"firstperson_lefthand":{"rotation":[0,172,0],"translation":[0,3.25,0],"scale":[0.2,0.2,0.2]},"ground":{"translation":[0,2.5,0],"scale":[0.2,0.2,0.2]},"gui":{"rotation":[18.5,-147.25,0],"translation":[-0.25,-0.25,0],"scale":[0.4,0.4,0.4]},"head":{"rotation":[0,-180,0],"translation":[-3.25,-14.75,-1],"scale":[1.3,1.36,1.3]},"fixed":{"translation":[0.5,0,-3],"scale":[0.45,0.45,0.45]}}}