{"credit":"Made by kamisama_.","texture_size":[256,256],"textures":{"4":"vending_machine:animation_v3","11":"vending_machine:vending_machine_3"},"elements":[{"from":[-5.5,-10,-1.5],"to":[-4.5,28.1,16.5],"rotation":{"angle":0,"axis":"y","origin":[0.5,0,1.5]},"faces":{"north":{"uv":[4,6.25,4.0625,8.625],"texture":"#11","tintindex":0},"east":{"uv":[0,2.375,1.125,4.75],"texture":"#11"},"south":{"uv":[4.0625,6.25,4.125,8.625],"texture":"#11","tintindex":0},"west":{"uv":[1.125,2.375,2.25,4.75],"texture":"#11","tintindex":0},"up":{"uv":[3.3125,7.4375,3.25,6.3125],"texture":"#11","tintindex":0},"down":{"uv":[3.375,6.3125,3.3125,7.4375],"texture":"#11","tintindex":0}}},{"from":[-1,0,-0.5],"to":[-0.5,27,15.5],"rotation":{"angle":0,"axis":"y","origin":[0.5,0,1.5]},"faces":{"north":{"uv":[0.5,6.5,0.53125,8.1875],"texture":"#11"},"east":{"uv":[3.375,2.375,4.375,4.0625],"texture":"#11"},"south":{"uv":[0.5625,6.5,0.59375,8.1875],"texture":"#11"},"west":{"uv":[3.625,0,4.625,1.6875],"texture":"#11"},"up":{"uv":[0.65625,7.5,0.625,6.5],"texture":"#11"},"down":{"uv":[2.71875,6.8125,2.6875,7.8125],"texture":"#11"}}},{"from":[15.5,-10,-1.4],"to":[16.5,28.1,16.5],"rotation":{"angle":0,"axis":"y","origin":[0.5,0,1.5]},"faces":{"north":{"uv":[4.125,6.25,4.1875,8.625],"texture":"#11","tintindex":0},"east":{"uv":[2.25,2.375,3.375,4.75],"texture":"#11","tintindex":0},"south":{"uv":[2.8125,6.3125,2.875,8.6875],"texture":"#11","tintindex":0},"west":{"uv":[2.5,0,3.625,2.375],"texture":"#11"},"up":{"uv":[3.4375,7.4375,3.375,6.3125],"texture":"#11","tintindex":0},"down":{"uv":[3.5,6.3125,3.4375,7.4375],"texture":"#11","tintindex":0}}},{"from":[-4.5,-10,15.5],"to":[15.5,28.1,16.5],"rotation":{"angle":0,"axis":"y","origin":[0.5,0,1.5]},"faces":{"north":{"uv":[0,0,1.25,2.375],"texture":"#11"},"east":{"uv":[2.875,6.3125,2.9375,8.6875],"texture":"#11"},"south":{"uv":[1.25,0,2.5,2.375],"texture":"#11","tintindex":0},"west":{"uv":[2.9375,6.3125,3,8.6875],"texture":"#11","tintindex":0},"up":{"uv":[7.125,1,5.875,0.9375],"texture":"#11","tintindex":0},"down":{"uv":[7.6875,5.1875,6.4375,5.25],"texture":"#11","tintindex":0}}},{"from":[-0.65,0,-1.3],"to":[15.6,22.7,-0.3],"rotation":{"angle":0,"axis":"y","origin":[15.5,16,1.5]},"faces":{"north":{"uv":[3.375,4.0625,4.39063,5.48438],"texture":"#11"},"east":{"uv":[3.125,6.3125,3.1875,7.73438],"texture":"#11"},"west":{"uv":[3.1875,6.3125,3.25,7.73438],"texture":"#11"},"up":{"uv":[7.70313,4.75,6.6875,4.6875],"texture":"#11"},"down":{"uv":[7.70313,4.75,6.6875,4.8125],"texture":"#11"}}},{"from":[-4.5,0,-1.5],"to":[-0.5,27,-0.5],"rotation":{"angle":0,"axis":"y","origin":[0.5,0,1.5]},"faces":{"north":{"uv":[4.1875,5.5,4.4375,7.1875],"texture":"#11","tintindex":0},"east":{"uv":[3,6.3125,3.0625,8],"texture":"#11"},"south":{"uv":[0.6875,5.75,0.9375,7.4375],"texture":"#11"},"west":{"uv":[3.0625,6.3125,3.125,8],"texture":"#11"},"up":{"uv":[3.875,2.375,3.625,2.3125],"texture":"#11"},"down":{"uv":[4.125,2.3125,3.875,2.375],"texture":"#11"}}},{"from":[-4.5,-10,-1.5],"to":[-0.5,0,-0.5],"rotation":{"angle":0,"axis":"y","origin":[0.5,0,1.5]},"faces":{"north":{"uv":[3.5,6.25,3.75,6.875],"texture":"#11","tintindex":0},"east":{"uv":[3.5,6.25,3.75,6.875],"texture":"#11","tintindex":0},"south":{"uv":[3.5,6.25,3.75,6.875],"texture":"#11","tintindex":0},"west":{"uv":[3.5,6.25,3.75,6.875],"texture":"#11","tintindex":0},"up":{"uv":[3.5,6.25,3.75,6.875],"texture":"#11","tintindex":0},"down":{"uv":[3.5,6.25,3.75,6.875],"texture":"#11","tintindex":0}}},{"from":[14.8,-10,-1.4],"to":[15.5,0,-0.5],"rotation":{"angle":0,"axis":"y","origin":[0.5,0,1.5]},"faces":{"north":{"uv":[3.3125,4.75,3.35938,5.375],"texture":"#11","tintindex":0},"east":{"uv":[3.1875,4.75,3.25,5.375],"texture":"#11"},"south":{"uv":[2.75,6.8125,2.79688,7.4375],"texture":"#11"},"west":{"uv":[3.25,4.75,3.3125,5.375],"texture":"#11"},"up":{"uv":[4.42188,4,4.375,3.9375],"texture":"#11"},"down":{"uv":[4.42188,4,4.375,4.0625],"texture":"#11","tintindex":0}}},{"from":[-4.5,-10.01,-0.5],"to":[15.5,-9.6,15.5],"rotation":{"angle":0,"axis":"y","origin":[0.5,0,1.5]},"faces":{"north":{"uv":[6.875,3.375,8.125,3.40625],"texture":"#11"},"east":{"uv":[6.9375,4.4375,7.9375,4.46875],"texture":"#11"},"south":{"uv":[6.875,3.4375,8.125,3.46875],"texture":"#11"},"west":{"uv":[6.9375,4.5,7.9375,4.53125],"texture":"#11"},"up":{"uv":[5.6875,4.8125,4.4375,3.8125],"texture":"#11"},"down":{"uv":[5.875,0,4.625,1],"texture":"#11","tintindex":0}}},{"from":[-4.5,27,-1.5],"to":[15.5,28.1,15.5],"rotation":{"angle":0,"axis":"y","origin":[0.5,0,1.5]},"faces":{"north":{"uv":[6.4375,5.25,7.6875,5.3125],"texture":"#11","tintindex":0},"east":{"uv":[6.6875,4.5625,7.75,4.625],"texture":"#11"},"south":{"uv":[6.4375,5.3125,7.6875,5.375],"texture":"#11"},"west":{"uv":[6.6875,4.625,7.75,4.6875],"texture":"#11"},"up":{"uv":[5.625,2.75,4.375,1.6875],"texture":"#11","tintindex":0},"down":{"uv":[5.625,2.75,4.375,3.8125],"texture":"#11"}}},{"from":[-0.5,-2,-1.4],"to":[14.8,0,-0.5],"rotation":{"angle":0,"axis":"y","origin":[0.5,0,1.5]},"faces":{"north":{"uv":[6.375,3.875,7.32813,4],"texture":"#11","tintindex":0},"east":{"uv":[4.1875,2.0625,4.25,2.1875],"texture":"#11"},"south":{"uv":[6.375,4,7.32813,4.125],"texture":"#11"},"west":{"uv":[4.375,3.8125,4.4375,3.9375],"texture":"#11"},"up":{"uv":[5.57813,1.6875,4.625,1.625],"texture":"#11"},"down":{"uv":[7.82813,1.9375,6.875,2],"texture":"#11"}}},{"from":[-0.5,-10,-1.4],"to":[14.8,-7.5,-0.5],"rotation":{"angle":0,"axis":"y","origin":[0.5,0,1.5]},"faces":{"north":{"uv":[6.375,3.5,7.32813,3.65625],"texture":"#11","tintindex":0},"east":{"uv":[4.1875,1.6875,4.25,1.84375],"texture":"#11"},"south":{"uv":[6.375,3.6875,7.32813,3.84375],"texture":"#11"},"west":{"uv":[4.1875,1.875,4.25,2.03125],"texture":"#11"},"up":{"uv":[7.82813,2.0625,6.875,2],"texture":"#11"},"down":{"uv":[7.82813,2.0625,6.875,2.125],"texture":"#11","tintindex":0}}},{"from":[-0.6,-7.4,-0.1],"to":[14.9,-2,-0.1],"rotation":{"angle":0,"axis":"y","origin":[0.5,0,1.5]},"faces":{"north":{"uv":[5.6875,4.25,6.65625,4.59375],"texture":"#11"},"east":{"uv":[0,0,0,0.34375],"texture":"#11"},"west":{"uv":[0,0,0,0.34375],"texture":"#11"},"up":{"uv":[0.96875,0,0,0],"texture":"#11"},"down":{"uv":[0.96875,0,0,0],"texture":"#11"}}},{"from":[-0.5,-7.4,-1.1],"to":[14.9,-2,-1.1],"rotation":{"angle":0,"axis":"y","origin":[0.5,0,1.5]},"faces":{"north":{"uv":[0.9375,5.75,1.90625,6.09375],"texture":"#11"},"east":{"uv":[0,0,0,0.34375],"texture":"#11"},"west":{"uv":[0,0,0,0.34375],"texture":"#11"},"up":{"uv":[0.96875,0,0,0],"texture":"#11"},"down":{"uv":[0.96875,0,0,0],"texture":"#11"}}},{"from":[-0.5,22.5,-1.5],"to":[15.5,27,15.5],"rotation":{"angle":0,"axis":"x","origin":[0.5,0,1.5]},"faces":{"north":{"uv":[5.875,0.625,6.875,0.90625],"texture":"#11"},"east":{"uv":[5.875,0,6.9375,0.28125],"texture":"#11","tintindex":0},"south":{"uv":[4.4375,5.875,5.4375,6.15625],"texture":"#11"},"west":{"uv":[5.875,0.3125,6.9375,0.59375],"texture":"#11","tintindex":0},"up":{"uv":[5.4375,5.875,4.4375,4.8125],"texture":"#11","tintindex":0},"down":{"uv":[6.4375,4.8125,5.4375,5.875],"texture":"#11","tintindex":0}}},{"from":[-0.5,22.5,-1.6],"to":[15.5,27,-1.6],"rotation":{"angle":0,"axis":"z","origin":[0.5,0,1.5]},"faces":{"north":{"uv":[0,0,8,4.08333],"texture":"#4"},"east":{"uv":[0,0,0,0.28125],"texture":"#missing","tintindex":0},"south":{"uv":[5.875,4.375,6.875,4.65625],"texture":"#missing"},"west":{"uv":[0,0,0,0.28125],"texture":"#missing","tintindex":0},"up":{"uv":[1,0,0,0],"texture":"#missing","tintindex":0},"down":{"uv":[1,0,0,0],"texture":"#missing","tintindex":0}}},{"from":[-0.5,17.1,5.5],"to":[15.5,18.5,15.5],"rotation":{"angle":0,"axis":"y","origin":[0.5,0,1.5]},"faces":{"north":{"uv":[6.375,4.125,7.375,4.21875],"texture":"#11"},"east":{"uv":[3.625,2.1875,4.25,2.28125],"texture":"#11"},"south":{"uv":[4.4375,6.375,5.4375,6.46875],"texture":"#11"},"west":{"uv":[6.875,2.125,7.5,2.21875],"texture":"#11"},"up":{"uv":[5.625,1.625,4.625,1],"texture":"#11"},"down":{"uv":[3.5,5.5,2.5,6.125],"texture":"#11"}}},{"from":[-0.5,10.5,5.5],"to":[15.5,11.9,15.5],"rotation":{"angle":0,"axis":"y","origin":[0.5,0,1.5]},"faces":{"north":{"uv":[5.4375,6.375,6.4375,6.46875],"texture":"#11"},"east":{"uv":[6.875,2.25,7.5,2.34375],"texture":"#11"},"south":{"uv":[6.4375,4.8125,7.4375,4.90625],"texture":"#11"},"west":{"uv":[6.875,2.375,7.5,2.46875],"texture":"#11"},"up":{"uv":[6.625,1.625,5.625,1],"texture":"#11"},"down":{"uv":[6.625,1.625,5.625,2.25],"texture":"#11"}}},{"from":[-0.5,4,5.5],"to":[15.5,5.4,15.5],"rotation":{"angle":0,"axis":"y","origin":[0.5,0,1.5]},"faces":{"north":{"uv":[6.4375,4.9375,7.4375,5.03125],"texture":"#11"},"east":{"uv":[6.875,2.5,7.5,2.59375],"texture":"#11"},"south":{"uv":[6.4375,5.0625,7.4375,5.15625],"texture":"#11"},"west":{"uv":[6.875,2.625,7.5,2.71875],"texture":"#11"},"up":{"uv":[6.625,2.875,5.625,2.25],"texture":"#11"},"down":{"uv":[6.625,2.875,5.625,3.5],"texture":"#11"}}},{"from":[-4.5,-0.4,-0.5],"to":[15.5,0,15.5],"rotation":{"angle":0,"axis":"y","origin":[0.5,0,1.5]},"faces":{"north":{"uv":[6.9375,0,8.1875,0.03125],"texture":"#11"},"east":{"uv":[7.125,1.25,8.125,1.28125],"texture":"#11"},"south":{"uv":[6.9375,0.0625,8.1875,0.09375],"texture":"#11"},"west":{"uv":[7.125,1.3125,8.125,1.34375],"texture":"#11"},"up":{"uv":[1.25,5.75,0,4.75],"texture":"#11"},"down":{"uv":[2.5,4.75,1.25,5.75],"texture":"#11"}}},{"from":[-4,-12,0],"to":[-1,-9,3],"faces":{"north":{"uv":[3.5,6.875,3.6875,7.0625],"texture":"#11"},"east":{"uv":[3.6875,6.875,3.875,7.0625],"texture":"#11"},"south":{"uv":[6.9375,0.125,7.125,0.3125],"texture":"#11"},"west":{"uv":[6.9375,0.3125,7.125,0.5],"texture":"#11"},"up":{"uv":[7.125,4.4375,6.9375,4.25],"texture":"#11"},"down":{"uv":[7.125,5.375,6.9375,5.5625],"texture":"#11"}}},{"from":[-4.1,-12,12],"to":[-1.1,-9,15],"rotation":{"angle":0,"axis":"y","origin":[-0.1,0,0]},"faces":{"north":{"uv":[6.9375,6.3125,7.125,6.5],"texture":"#11"},"east":{"uv":[6.9375,6.5,7.125,6.6875],"texture":"#11"},"south":{"uv":[6.6875,6.9375,6.875,7.125],"texture":"#11"},"west":{"uv":[6.9375,6.6875,7.125,6.875],"texture":"#11"},"up":{"uv":[7.0625,7.125,6.875,6.9375],"texture":"#11"},"down":{"uv":[1.125,7,0.9375,7.1875],"texture":"#11"}}},{"from":[11.9,-12,12],"to":[14.9,-9,15],"rotation":{"angle":0,"axis":"y","origin":[-0.1,0,0]},"faces":{"north":{"uv":[1.125,7,1.3125,7.1875],"texture":"#11"},"east":{"uv":[1.3125,7,1.5,7.1875],"texture":"#11"},"south":{"uv":[1.5,7,1.6875,7.1875],"texture":"#11"},"west":{"uv":[6.4375,7,6.625,7.1875],"texture":"#11"},"up":{"uv":[3.6875,7.25,3.5,7.0625],"texture":"#11"},"down":{"uv":[3.875,7.0625,3.6875,7.25],"texture":"#11"}}},{"from":[11.9,-12,0],"to":[14.9,-9,3],"rotation":{"angle":0,"axis":"y","origin":[-0.1,0,0]},"faces":{"north":{"uv":[7.0625,5.5625,7.25,5.75],"texture":"#11"},"east":{"uv":[7.0625,5.75,7.25,5.9375],"texture":"#11"},"south":{"uv":[7.0625,5.9375,7.25,6.125],"texture":"#11"},"west":{"uv":[7.0625,6.125,7.25,6.3125],"texture":"#11"},"up":{"uv":[7.25,7.0625,7.0625,6.875],"texture":"#11"},"down":{"uv":[7.25,7.0625,7.0625,7.25],"texture":"#11"}}},{"from":[-3.9,12.8,-2.5],"to":[-1.1,15.8,0.5],"rotation":{"angle":22.5,"axis":"x","origin":[0.1,12,-1]},"faces":{"north":{"uv":[7.125,0.5,7.29688,0.6875],"texture":"#11"},"east":{"uv":[0,7.125,0.1875,7.3125],"texture":"#11"},"south":{"uv":[7.125,0.6875,7.29688,0.875],"texture":"#11"},"west":{"uv":[7.125,0.125,7.3125,0.3125],"texture":"#11"},"up":{"uv":[7.29688,1.0625,7.125,0.875],"texture":"#11"},"down":{"uv":[7.29688,1.0625,7.125,1.25],"texture":"#11"}}},{"from":[-0.5,-6.2,5.099],"to":[14.8,-3.1,8.099],"rotation":{"angle":22.5,"axis":"x","origin":[0.1,12,-1]},"faces":{"north":{"uv":[5.6875,4.625,6.64063,4.8125],"texture":"#11"},"east":{"uv":[0.1875,7.125,0.375,7.3125],"texture":"#11"},"south":{"uv":[2.5,6.125,3.45313,6.3125],"texture":"#11"},"west":{"uv":[7.125,0.3125,7.3125,0.5],"texture":"#11"},"up":{"uv":[5.39063,6.375,4.4375,6.1875],"texture":"#11"},"down":{"uv":[2.76563,6.3125,1.8125,6.5],"texture":"#11"}}},{"from":[-2.7,20.6,-1.7],"to":[-2.3,21.1,-1.5],"rotation":{"angle":0,"axis":"y","origin":[0.1,0,0]},"faces":{"north":{"uv":[2.125,7.125,2.15625,7.15625],"texture":"#11"},"east":{"uv":[2.25,7.125,2.26563,7.15625],"texture":"#11"},"south":{"uv":[2.1875,7.125,2.21875,7.15625],"texture":"#11"},"west":{"uv":[2.3125,7.125,2.32813,7.15625],"texture":"#11"},"up":{"uv":[2.40625,7.14063,2.375,7.125],"texture":"#11"},"down":{"uv":[2.46875,7.125,2.4375,7.14063],"texture":"#11"}}},{"from":[-3.9,20.45,-1.8],"to":[-1.2,21.4,-1.4],"rotation":{"angle":0,"axis":"y","origin":[0.1,0,0]},"faces":{"north":{"uv":[3.1875,5.375,3.35938,5.4375],"texture":"#11"},"east":{"uv":[1.6875,6.75,1.71875,6.8125],"texture":"#11"},"south":{"uv":[3.1875,5.4375,3.35938,5.5],"texture":"#11"},"west":{"uv":[1.75,6.75,1.78125,6.8125],"texture":"#11"},"up":{"uv":[2.23438,6.28125,2.0625,6.25],"texture":"#11"},"down":{"uv":[2.42188,6.25,2.25,6.28125],"texture":"#11"}}},{"from":[-4.1,16.3,-1.6],"to":[-0.9,20.45,-1.6],"rotation":{"angle":0,"axis":"y","origin":[15.9,16,16]},"faces":{"north":{"uv":[6.875,2.75,7.07813,3.01563],"texture":"#11"},"east":{"uv":[0,0,0,0.26563],"texture":"#11"},"south":{"uv":[6.875,3.0625,7.07813,3.32813],"texture":"#11"},"west":{"uv":[0,0,0,0.26563],"texture":"#11"},"up":{"uv":[0.20313,0,0,0],"texture":"#11"},"down":{"uv":[0.20313,0,0,0],"texture":"#11"}}},{"from":[-1.9,19.5,-1.8],"to":[-1.2,20.2,-1.4],"rotation":{"angle":0,"axis":"y","origin":[0.1,0,0]},"faces":{"north":{"uv":[5.625,3.5,5.67188,3.54688],"texture":"#11"},"east":{"uv":[3.875,6.875,3.90625,6.92188],"texture":"#11"},"south":{"uv":[5.625,3.5625,5.67188,3.60938],"texture":"#11"},"west":{"uv":[3.9375,6.875,3.96875,6.92188],"texture":"#11"},"up":{"uv":[6.98438,0.53125,6.9375,0.5],"texture":"#11"},"down":{"uv":[6.98438,0.5625,6.9375,0.59375],"texture":"#11"}}},{"from":[-2.9,19.5,-1.8],"to":[-2.2,20.2,-1.4],"rotation":{"angle":0,"axis":"y","origin":[0.1,0,0]},"faces":{"north":{"uv":[5.625,3.625,5.67188,3.67188],"texture":"#11"},"east":{"uv":[3.875,6.9375,3.90625,6.98438],"texture":"#11"},"south":{"uv":[5.625,3.6875,5.67188,3.73438],"texture":"#11"},"west":{"uv":[3.9375,6.9375,3.96875,6.98438],"texture":"#11"},"up":{"uv":[6.98438,5.59375,6.9375,5.5625],"texture":"#11"},"down":{"uv":[6.98438,5.625,6.9375,5.65625],"texture":"#11"}}},{"from":[-3.9,19.5,-1.8],"to":[-3.2,20.2,-1.4],"rotation":{"angle":0,"axis":"y","origin":[0.1,0,0]},"faces":{"north":{"uv":[5.625,3.75,5.67188,3.79688],"texture":"#11"},"east":{"uv":[6.9375,6.875,6.96875,6.92188],"texture":"#11"},"south":{"uv":[1.8125,6.125,1.85938,6.17188],"texture":"#11"},"west":{"uv":[7,0.5,7.03125,0.54688],"texture":"#11"},"up":{"uv":[7.04688,0.59375,7,0.5625],"texture":"#11"},"down":{"uv":[3.92188,7,3.875,7.03125],"texture":"#11"}}},{"from":[-1.9,18.5,-1.8],"to":[-1.2,19.2,-1.4],"rotation":{"angle":0,"axis":"y","origin":[0.1,0,0]},"faces":{"north":{"uv":[1.875,6.125,1.92188,6.17188],"texture":"#11"},"east":{"uv":[3.9375,7,3.96875,7.04688],"texture":"#11"},"south":{"uv":[1.8125,6.1875,1.85938,6.23438],"texture":"#11"},"west":{"uv":[7,5.5625,7.03125,5.60938],"texture":"#11"},"up":{"uv":[7.04688,5.65625,7,5.625],"texture":"#11"},"down":{"uv":[6.67188,7,6.625,7.03125],"texture":"#11"}}},{"from":[-1.9,17.5,-1.8],"to":[-1.2,18.2,-1.3],"rotation":{"angle":0,"axis":"y","origin":[0.1,0,0]},"faces":{"north":{"uv":[1.875,6.1875,1.92188,6.23438],"texture":"#11"},"east":{"uv":[7,6.875,7.03125,6.92188],"texture":"#11"},"south":{"uv":[2.4375,6.25,2.48438,6.29688],"texture":"#11"},"west":{"uv":[7.0625,0.5,7.09375,0.54688],"texture":"#11"},"up":{"uv":[7.10938,0.59375,7.0625,0.5625],"texture":"#11"},"down":{"uv":[3.92188,7.0625,3.875,7.09375],"texture":"#11"}}},{"from":[-2.9,17.5,-1.8],"to":[-2.2,18.2,-1.4],"rotation":{"angle":0,"axis":"y","origin":[0.1,0,0]},"faces":{"north":{"uv":[6.4375,5.6875,6.48438,5.73438],"texture":"#11"},"east":{"uv":[3.9375,7.0625,3.96875,7.10938],"texture":"#11"},"south":{"uv":[6.4375,5.75,6.48438,5.79688],"texture":"#11"},"west":{"uv":[6.625,7.0625,6.65625,7.10938],"texture":"#11"},"up":{"uv":[0.42188,7.15625,0.375,7.125],"texture":"#11"},"down":{"uv":[0.48438,7.125,0.4375,7.15625],"texture":"#11"}}},{"from":[-3.9,17.5,-1.8],"to":[-3.2,18.2,-1.4],"rotation":{"angle":0,"axis":"y","origin":[0.1,0,0]},"faces":{"north":{"uv":[6.4375,5.8125,6.48438,5.85938],"texture":"#11"},"east":{"uv":[7.125,1.375,7.15625,1.42188],"texture":"#11"},"south":{"uv":[6.5,5.6875,6.54688,5.73438],"texture":"#11"},"west":{"uv":[7.125,1.4375,7.15625,1.48438],"texture":"#11"},"up":{"uv":[7.17188,1.53125,7.125,1.5],"texture":"#11"},"down":{"uv":[7.17188,1.5625,7.125,1.59375],"texture":"#11"}}},{"from":[-3.9,18.5,-1.8],"to":[-3.2,19.2,-1.4],"rotation":{"angle":0,"axis":"y","origin":[0.1,0,0]},"faces":{"north":{"uv":[6.5,5.75,6.54688,5.79688],"texture":"#11"},"east":{"uv":[7.125,1.625,7.15625,1.67188],"texture":"#11"},"south":{"uv":[6.5,5.8125,6.54688,5.85938],"texture":"#11"},"west":{"uv":[1.6875,7.125,1.71875,7.17188],"texture":"#11"},"up":{"uv":[7.17188,1.71875,7.125,1.6875],"texture":"#11"},"down":{"uv":[1.79688,7.125,1.75,7.15625],"texture":"#11"}}},{"from":[-2.9,18.5,-1.8],"to":[-2.2,19.2,-1.4],"rotation":{"angle":0,"axis":"y","origin":[0.1,0,0]},"faces":{"north":{"uv":[6.5625,6.3125,6.60938,6.35938],"texture":"#11"},"east":{"uv":[7.125,1.75,7.15625,1.79688],"texture":"#11"},"south":{"uv":[6.625,6.3125,6.67188,6.35938],"texture":"#11"},"west":{"uv":[1.8125,7.125,1.84375,7.17188],"texture":"#11"},"up":{"uv":[7.17188,1.84375,7.125,1.8125],"texture":"#11"},"down":{"uv":[1.92188,7.125,1.875,7.15625],"texture":"#11"}}},{"from":[-2.9,16.5,-1.8],"to":[-2.2,17.2,-1.4],"rotation":{"angle":0,"axis":"y","origin":[0.1,0,0]},"faces":{"north":{"uv":[1.6875,6.6875,1.73438,6.73438],"texture":"#11"},"east":{"uv":[7.125,1.875,7.15625,1.92188],"texture":"#11"},"south":{"uv":[1.75,6.6875,1.79688,6.73438],"texture":"#11"},"west":{"uv":[1.9375,7.125,1.96875,7.17188],"texture":"#11"},"up":{"uv":[2.04688,7.15625,2,7.125],"texture":"#11"},"down":{"uv":[2.10938,7.125,2.0625,7.15625],"texture":"#11"}}},{"from":[-5.58,14,0.4],"to":[-5.58,26,11.4],"faces":{"north":{"uv":[0,0,0,0.75],"texture":"#11"},"east":{"uv":[2.5,4.75,3.1875,5.5],"texture":"#11"},"south":{"uv":[0,0,0,0.75],"texture":"#11"},"west":{"uv":[3.5,5.5,4.1875,6.25],"texture":"#11"},"up":{"uv":[0,0.6875,0,0],"texture":"#11"},"down":{"uv":[0,0,0,0.6875],"texture":"#11"}}},{"from":[-5.58,-8.9,4.4],"to":[-5.58,3.1,15.4],"rotation":{"angle":0,"axis":"z","origin":[0,0,16]},"faces":{"north":{"uv":[0,0,0,0.75],"texture":"#11"},"east":{"uv":[5.6875,3.5,6.375,4.25],"texture":"#11"},"south":{"uv":[0,0,0,0.75],"texture":"#11"},"west":{"uv":[0,5.75,0.6875,6.5],"texture":"#11"},"up":{"uv":[0,0.6875,0,0],"texture":"#11"},"down":{"uv":[0,0,0,0.6875],"texture":"#11"}}},{"from":[16.55,13.6,6.1],"to":[16.55,22,12.7],"faces":{"north":{"uv":[0,0,0,0.53125],"texture":"#11"},"east":{"uv":[0.9375,6.125,1.34375,6.65625],"texture":"#11"},"south":{"uv":[0,0,0,0.53125],"texture":"#11"},"west":{"uv":[1.375,6.125,1.78125,6.65625],"texture":"#11"},"up":{"uv":[0,0.40625,0,0],"texture":"#11"},"down":{"uv":[0,0,0,0.40625],"texture":"#11"}}},{"from":[16.55,5.2,0.9],"to":[16.55,13,9.4],"faces":{"north":{"uv":[0,0,0,0.48438],"texture":"#11"},"east":{"uv":[3.625,1.6875,4.15625,2.17188],"texture":"#11"},"south":{"uv":[0,0,0,0.48438],"texture":"#11"},"west":{"uv":[1.9375,5.75,2.46875,6.23438],"texture":"#11"},"up":{"uv":[0,0.53125,0,0],"texture":"#11"},"down":{"uv":[0,0,0,0.53125],"texture":"#11"}}},{"from":[16.55,-9.6,2.3],"to":[16.55,-1.8,10.8],"rotation":{"angle":-45,"axis":"x","origin":[0,0,0]},"faces":{"north":{"uv":[0,0,0,0.48438],"texture":"#11"},"east":{"uv":[5.4375,5.875,5.96875,6.35938],"texture":"#11"},"south":{"uv":[0,0,0,0.48438],"texture":"#11"},"west":{"uv":[6,5.875,6.53125,6.35938],"texture":"#11"},"up":{"uv":[0,0.53125,0,0],"texture":"#11"},"down":{"uv":[0,0,0,0.53125],"texture":"#11"}}}],"display":{"thirdperson_righthand":{"rotation":[32.75,0,0],"translation":[0.5,0.75,-0.5],"scale":[0.2,0.2,0.2]},"thirdperson_lefthand":{"rotation":[32.75,0,0],"translation":[0.5,0.75,-0.5],"scale":[0.2,0.2,0.2]},"firstperson_righthand":{"rotation":[0,172,0],"translation":[0,3.25,0],"scale":[0.2,0.2,0.2]},"firstperson_lefthand":{"rotation":[0,172,0],"translation":[0,3.25,0],"scale":[0.2,0.2,0.2]},"ground":{"translation":[0,2.5,0],"scale":[0.2,0.2,0.2]},"gui":{"rotation":[18.5,-147.25,0],"translation":[-0.25,-0.25,0],"scale":[0.4,0.4,0.4]},"head":{"rotation":[0,-180,0],"translation":[-3.25,-14.75,-1],"scale":[1.3,1.36,1.3]},"fixed":{"translation":[0.5,0,-3],"scale":[0.45,0.45,0.45]}}}