{"credit":"Made by kamisama_.","texture_size":[256,256],"textures":{"1":"vending_machine:animation_v2","13":"vending_machine:vending_machine_2","particle":"vending_machine:animation_v2"},"elements":[{"from":[-5.5,-10,-1.3],"to":[-4.5,28.1,16.5],"rotation":{"angle":0,"axis":"y","origin":[0.5,0,1.5]},"faces":{"north":{"uv":[3.9375,6.1875,4,8.57031],"texture":"#13","tintindex":0},"east":{"uv":[0,2.4375,1.125,4.82031],"texture":"#13"},"south":{"uv":[6.1875,5.875,6.25,8.25781],"texture":"#13","tintindex":0},"west":{"uv":[1.125,2.4375,2.25,4.82031],"texture":"#13","tintindex":0},"up":{"uv":[2.75,7.5,2.6875,6.375],"texture":"#13","tintindex":0},"down":{"uv":[2.8125,6.375,2.75,7.5],"texture":"#13","tintindex":0}}},{"from":[-1,0,-0.5],"to":[-0.5,27,15.5],"rotation":{"angle":0,"axis":"y","origin":[0.5,0,1.5]},"faces":{"north":{"uv":[1.25,6.5,1.28125,8.1875],"texture":"#13"},"east":{"uv":[3.375,2.4375,4.375,4.125],"texture":"#13"},"south":{"uv":[1.3125,6.5,1.34375,8.1875],"texture":"#13"},"west":{"uv":[3.625,0,4.625,1.6875],"texture":"#13"},"up":{"uv":[4.65625,7.5,4.625,6.5],"texture":"#13"},"down":{"uv":[3.34375,7,3.3125,8],"texture":"#13"}}},{"from":[15.5,-10,-1.2],"to":[16.5,28.1,16.5],"rotation":{"angle":0,"axis":"y","origin":[0.5,0,1.5]},"faces":{"north":{"uv":[6.25,5.875,6.3125,8.25781],"texture":"#13","tintindex":0},"east":{"uv":[2.25,2.4375,3.375,4.82031],"texture":"#13","tintindex":0},"south":{"uv":[6.3125,5.875,6.375,8.25781],"texture":"#13","tintindex":0},"west":{"uv":[2.5,0,3.625,2.38281],"texture":"#13"},"up":{"uv":[2.875,7.5,2.8125,6.375],"texture":"#13","tintindex":0},"down":{"uv":[2.9375,6.375,2.875,7.5],"texture":"#13","tintindex":0}}},{"from":[-4.5,-10,15.5],"to":[15.5,28.1,16.5],"rotation":{"angle":0,"axis":"y","origin":[0.5,0,1.5]},"faces":{"north":{"uv":[0,0,1.25,2.38281],"texture":"#13"},"east":{"uv":[1.4375,6.375,1.5,8.75781],"texture":"#13"},"south":{"uv":[1.25,0,2.5,2.38281],"texture":"#13","tintindex":0},"west":{"uv":[1.5,6.375,1.5625,8.75781],"texture":"#13","tintindex":0},"up":{"uv":[7.125,1,5.875,0.9375],"texture":"#13","tintindex":0},"down":{"uv":[7.625,5.875,6.375,5.9375],"texture":"#13","tintindex":0}}},{"from":[-0.65,0,-1],"to":[15.6,22.7,0],"rotation":{"angle":0,"axis":"y","origin":[15.5,16,1.5]},"faces":{"north":{"uv":[0.0625,2.48438,1.07813,3.90626],"texture":"#13"},"east":{"uv":[4.5,6.3125,4.5625,7.73438],"texture":"#missing"},"west":{"uv":[4.5625,6.3125,4.625,7.73438],"texture":"#missing"},"up":{"uv":[7.45313,5.8125,6.4375,5.75],"texture":"#missing"},"down":{"uv":[7.45313,5.8125,6.4375,5.875],"texture":"#missing"}}},{"from":[-4.5,0,-1.3],"to":[-0.5,27,-0.5],"rotation":{"angle":0,"axis":"y","origin":[0.5,0,1.5]},"faces":{"north":{"uv":[4.6875,5.75,4.9375,7.4375],"texture":"#13","tintindex":0},"east":{"uv":[1.5625,6.375,1.625,8.0625],"texture":"#13"},"south":{"uv":[4.9375,5.75,5.1875,7.4375],"texture":"#13"},"west":{"uv":[1.625,6.375,1.6875,8.0625],"texture":"#13"},"up":{"uv":[4.625,4.125,4.375,4.0625],"texture":"#13"},"down":{"uv":[4.25,5.6875,4,5.75],"texture":"#13"}}},{"from":[-4.5,-10,-1.3],"to":[-0.5,0,-0.5],"rotation":{"angle":0,"axis":"y","origin":[0.5,0,1.5]},"faces":{"north":{"uv":[3.4375,6.1875,3.6875,6.8125],"texture":"#13","tintindex":0},"east":{"uv":[3.4375,6.1875,3.6875,6.8125],"texture":"#13","tintindex":0},"south":{"uv":[3.4375,6.1875,3.6875,6.8125],"texture":"#13","tintindex":0},"west":{"uv":[3.4375,6.1875,3.6875,6.8125],"texture":"#13","tintindex":0},"up":{"uv":[3.4375,6.1875,3.6875,6.8125],"texture":"#13","tintindex":0},"down":{"uv":[3.4375,6.1875,3.6875,6.8125],"texture":"#13","tintindex":0}}},{"from":[14.8,-10,-1.2],"to":[15.5,0,-0.5],"rotation":{"angle":0,"axis":"y","origin":[0.5,0,1.5]},"faces":{"north":{"uv":[3.375,7,3.42188,7.625],"texture":"#13","tintindex":0},"east":{"uv":[4.5,6.5,4.5625,7.125],"texture":"#13"},"south":{"uv":[6.125,7,6.17188,7.625],"texture":"#13"},"west":{"uv":[4.5625,6.5,4.625,7.125],"texture":"#13"},"up":{"uv":[3.35938,5.125,3.3125,5.0625],"texture":"#13"},"down":{"uv":[3.35938,5.125,3.3125,5.1875],"texture":"#13","tintindex":0}}},{"from":[-4.5,-10.01,-0.5],"to":[15.5,-9.6,15.5],"rotation":{"angle":0,"axis":"y","origin":[0.5,0,1.5]},"faces":{"north":{"uv":[6.875,0.875,8.125,0.89844],"texture":"#13"},"east":{"uv":[7.0625,4.375,8.0625,4.39844],"texture":"#13"},"south":{"uv":[6.9375,0.5625,8.1875,0.58594],"texture":"#13"},"west":{"uv":[7.0625,4.4375,8.0625,4.46094],"texture":"#13"},"up":{"uv":[5.625,3.75,4.375,2.75],"texture":"#13"},"down":{"uv":[5.875,0,4.625,1],"texture":"#13","tintindex":0}}},{"from":[-4.5,27,-1.3],"to":[15.5,28.1,15.5],"rotation":{"angle":0,"axis":"y","origin":[0.5,0,1.5]},"faces":{"north":{"uv":[6.3125,2.875,7.5625,2.94531],"texture":"#13","tintindex":0},"east":{"uv":[6.375,5.9375,7.4375,6.00781],"texture":"#13"},"south":{"uv":[6.3125,3,7.5625,3.07031],"texture":"#13"},"west":{"uv":[6.375,6.0625,7.4375,6.13281],"texture":"#13"},"up":{"uv":[4.625,5.1875,3.375,4.125],"texture":"#13","tintindex":0},"down":{"uv":[5.625,1.6875,4.375,2.75],"texture":"#13"}}},{"from":[-0.5,-2,-1.2],"to":[14.8,0,-0.5],"rotation":{"angle":0,"axis":"y","origin":[0.5,0,1.5]},"faces":{"north":{"uv":[6.3125,2.625,7.26563,2.75],"texture":"#13","tintindex":0},"east":{"uv":[4.3125,2.3125,4.375,2.4375],"texture":"#13"},"south":{"uv":[6.3125,2.75,7.26563,2.875],"texture":"#13"},"west":{"uv":[3.25,5.0625,3.3125,5.1875],"texture":"#13"},"up":{"uv":[5.57813,1.6875,4.625,1.625],"texture":"#13"},"down":{"uv":[7.39063,5.625,6.4375,5.6875],"texture":"#13"}}},{"from":[-0.5,-10,-1.2],"to":[14.8,-7.5,-0.5],"rotation":{"angle":0,"axis":"y","origin":[0.5,0,1.5]},"faces":{"north":{"uv":[6.3125,2.25,7.26563,2.40625],"texture":"#13","tintindex":0},"east":{"uv":[3.25,4.875,3.3125,5.03125],"texture":"#13"},"south":{"uv":[6.3125,2.4375,7.26563,2.59375],"texture":"#13"},"west":{"uv":[3.3125,4.875,3.375,5.03125],"texture":"#13"},"up":{"uv":[7.82813,0.6875,6.875,0.625],"texture":"#13"},"down":{"uv":[7.82813,0.6875,6.875,0.75],"texture":"#13","tintindex":0}}},{"from":[-0.6,-7.4,-0.1],"to":[14.9,-2,-0.1],"rotation":{"angle":0,"axis":"y","origin":[0.5,0,1.5]},"faces":{"north":{"uv":[5.1875,5.75,6.15625,6.08594],"texture":"#13"},"east":{"uv":[0,0,0,0.33594],"texture":"#13"},"west":{"uv":[0,0,0,0.33594],"texture":"#13"},"up":{"uv":[0.96875,0,0,0],"texture":"#13"},"down":{"uv":[0.96875,0,0,0],"texture":"#13"}}},{"from":[-0.5,-7.4,-1.1],"to":[14.9,-2,-1.1],"rotation":{"angle":0,"axis":"y","origin":[0.5,0,1.5]},"faces":{"north":{"uv":[3,5.8125,3.96094,6.14844],"texture":"#13"},"east":{"uv":[0,0,0,0.33594],"texture":"#13"},"west":{"uv":[0,0,0,0.33594],"texture":"#13"},"up":{"uv":[0.96094,0,0,0],"texture":"#13"},"down":{"uv":[0.96094,0,0,0],"texture":"#13"}}},{"from":[-0.5,22.5,-1.5],"to":[15.5,27,15.5],"rotation":{"angle":0,"axis":"x","origin":[0.5,0,1.5]},"faces":{"north":{"uv":[5.875,0.625,6.875,0.90625],"texture":"#13"},"east":{"uv":[5.875,0,6.9375,0.28125],"texture":"#13","tintindex":0},"south":{"uv":[5.875,3.75,6.875,4.03125],"texture":"#13"},"west":{"uv":[5.875,0.3125,6.9375,0.59375],"texture":"#13","tintindex":0},"up":{"uv":[1,5.9375,0,4.875],"texture":"#13","tintindex":0},"down":{"uv":[2,4.875,1,5.9375],"texture":"#13","tintindex":0}}},{"from":[-0.5,22.5,-1.6],"to":[15.5,27,-1.6],"rotation":{"angle":0,"axis":"z","origin":[0.5,0,1.5]},"faces":{"north":{"uv":[0,0,16,8.75],"texture":"#1"},"east":{"uv":[0,0,0,0.28125],"texture":"#13","tintindex":0},"south":{"uv":[5.875,4.375,6.875,4.65625],"texture":"#13"},"west":{"uv":[0,0,0,0.28125],"texture":"#13","tintindex":0},"up":{"uv":[1,0,0,0],"texture":"#13","tintindex":0},"down":{"uv":[1,0,0,0],"texture":"#13","tintindex":0}}},{"from":[-0.5,17.1,5.5],"to":[15.5,18.5,15.5],"rotation":{"angle":0,"axis":"y","origin":[0.5,0,1.5]},"faces":{"north":{"uv":[6.3125,3.125,7.3125,3.21094],"texture":"#13"},"east":{"uv":[6.875,0.75,7.5,0.83594],"texture":"#13"},"south":{"uv":[6.3125,3.25,7.3125,3.33594],"texture":"#13"},"west":{"uv":[6.875,1,7.5,1.08594],"texture":"#13"},"up":{"uv":[5.625,1.625,4.625,1],"texture":"#13"},"down":{"uv":[3,4.875,2,5.5],"texture":"#13"}}},{"from":[-0.5,10.5,5.5],"to":[15.5,11.9,15.5],"rotation":{"angle":0,"axis":"y","origin":[0.5,0,1.5]},"faces":{"north":{"uv":[6.3125,3.375,7.3125,3.46094],"texture":"#13"},"east":{"uv":[6.875,1.125,7.5,1.21094],"texture":"#13"},"south":{"uv":[6.3125,3.5,7.3125,3.58594],"texture":"#13"},"west":{"uv":[6.875,1.25,7.5,1.33594],"texture":"#13"},"up":{"uv":[4,5.8125,3,5.1875],"texture":"#13"},"down":{"uv":[3,5.5,2,6.125],"texture":"#13"}}},{"from":[-0.5,4,5.5],"to":[15.5,5.4,15.5],"rotation":{"angle":0,"axis":"y","origin":[0.5,0,1.5]},"faces":{"north":{"uv":[6.3125,3.625,7.3125,3.71094],"texture":"#13"},"east":{"uv":[6.875,1.375,7.5,1.46094],"texture":"#13"},"south":{"uv":[1.6875,6.375,2.6875,6.46094],"texture":"#13"},"west":{"uv":[6.875,1.5,7.5,1.58594],"texture":"#13"},"up":{"uv":[6.625,1.625,5.625,1],"texture":"#13"},"down":{"uv":[6.625,1.625,5.625,2.25],"texture":"#13"}}},{"from":[-4.5,-0.4,-0.5],"to":[15.5,0,15.5],"rotation":{"angle":0,"axis":"y","origin":[0.5,0,1.5]},"faces":{"north":{"uv":[6.9375,5.5625,8.1875,5.58594],"texture":"#13"},"east":{"uv":[7.0625,4.5,8.0625,4.52344],"texture":"#13"},"south":{"uv":[7.0625,4.3125,8.3125,4.33594],"texture":"#13"},"west":{"uv":[7.0625,4.5625,8.0625,4.58594],"texture":"#13"},"up":{"uv":[5.875,4.75,4.625,3.75],"texture":"#13"},"down":{"uv":[5.875,4.75,4.625,5.75],"texture":"#13"}}},{"from":[-4,-12,0],"to":[-1,-9,3],"faces":{"north":{"uv":[1.4375,5.9375,1.625,6.125],"texture":"#13"},"east":{"uv":[1.625,5.9375,1.8125,6.125],"texture":"#13"},"south":{"uv":[1.8125,5.9375,2,6.125],"texture":"#13"},"west":{"uv":[6.875,4.25,7.0625,4.4375],"texture":"#13"},"up":{"uv":[7.0625,4.625,6.875,4.4375],"texture":"#13"},"down":{"uv":[7.0625,6.1875,6.875,6.375],"texture":"#13"}}},{"from":[-4.1,-12,12],"to":[-1.1,-9,15],"rotation":{"angle":0,"axis":"y","origin":[-0.1,0,0]},"faces":{"north":{"uv":[6.875,6.375,7.0625,6.5625],"texture":"#13"},"east":{"uv":[6.875,6.5625,7.0625,6.75],"texture":"#13"},"south":{"uv":[6.875,6.75,7.0625,6.9375],"texture":"#13"},"west":{"uv":[6.9375,0,7.125,0.1875],"texture":"#13"},"up":{"uv":[7.125,0.375,6.9375,0.1875],"texture":"#13"},"down":{"uv":[7.125,0.375,6.9375,0.5625],"texture":"#13"}}},{"from":[11.9,-12,12],"to":[14.9,-9,15],"rotation":{"angle":0,"axis":"y","origin":[-0.1,0,0]},"faces":{"north":{"uv":[6.9375,4.625,7.125,4.8125],"texture":"#13"},"east":{"uv":[6.9375,4.8125,7.125,5],"texture":"#13"},"south":{"uv":[6.9375,5,7.125,5.1875],"texture":"#13"},"west":{"uv":[6.9375,5.1875,7.125,5.375],"texture":"#13"},"up":{"uv":[7.125,5.5625,6.9375,5.375],"texture":"#13"},"down":{"uv":[7.0625,6.9375,6.875,7.125],"texture":"#13"}}},{"from":[11.9,-12,0],"to":[14.9,-9,3],"rotation":{"angle":0,"axis":"y","origin":[-0.1,0,0]},"faces":{"north":{"uv":[2.9375,7,3.125,7.1875],"texture":"#13"},"east":{"uv":[3.125,7,3.3125,7.1875],"texture":"#13"},"south":{"uv":[5.1875,7,5.375,7.1875],"texture":"#13"},"west":{"uv":[5.375,7,5.5625,7.1875],"texture":"#13"},"up":{"uv":[5.75,7.1875,5.5625,7],"texture":"#13"},"down":{"uv":[5.9375,7,5.75,7.1875],"texture":"#13"}}},{"from":[-3.9,12.8,-2.5],"to":[-1.1,15.8,3],"rotation":{"angle":22.5,"axis":"x","origin":[0.1,12,-1]},"faces":{"north":{"uv":[0.1875,7.0625,0.35938,7.25],"texture":"#13"},"east":{"uv":[5.9375,7,6.125,7.1875],"texture":"#13"},"south":{"uv":[7.0625,3.75,7.23438,3.9375],"texture":"#13"},"west":{"uv":[0,7.0625,0.1875,7.25],"texture":"#13"},"up":{"uv":[7.23438,4.125,7.0625,3.9375],"texture":"#13"},"down":{"uv":[7.23438,4.125,7.0625,4.3125],"texture":"#13"}}},{"from":[-0.5,-6.2,5.099],"to":[14.8,-3.1,10.599],"rotation":{"angle":22.5,"axis":"x","origin":[0.1,12,-1]},"faces":{"north":{"uv":[1.4375,6.125,2.39063,6.32031],"texture":"#13"},"east":{"uv":[6.875,3.75,7.0625,3.94531],"texture":"#13"},"south":{"uv":[5.1875,6.125,6.14063,6.32031],"texture":"#13"},"west":{"uv":[6.875,4,7.0625,4.19531],"texture":"#13"},"up":{"uv":[3.39063,6.375,2.4375,6.1875],"texture":"#13"},"down":{"uv":[7.14063,5.6875,6.1875,5.875],"texture":"#13"}}},{"from":[-2.7,20.6,-1.7],"to":[-2.3,21.1,-1.5],"rotation":{"angle":0,"axis":"y","origin":[0.1,0,0]},"faces":{"north":{"uv":[7.125,1.875,7.14844,1.90625],"texture":"#13"},"east":{"uv":[7.125,1.9375,7.14063,1.96875],"texture":"#13"},"south":{"uv":[1.9375,7.125,1.96094,7.15625],"texture":"#13"},"west":{"uv":[2,7.125,2.01563,7.15625],"texture":"#13"},"up":{"uv":[7.14844,2.01563,7.125,2],"texture":"#13"},"down":{"uv":[2.08594,7.125,2.0625,7.14063],"texture":"#13"}}},{"from":[-3.9,20.45,-1.8],"to":[-1.2,21.4,-0.7],"rotation":{"angle":0,"axis":"y","origin":[0.1,0,0]},"faces":{"north":{"uv":[2.4375,6.125,2.60938,6.1875],"texture":"#13"},"east":{"uv":[7.0625,6.5625,7.08594,6.625],"texture":"#13"},"south":{"uv":[2.625,6.125,2.79688,6.1875],"texture":"#13"},"west":{"uv":[7.0625,6.625,7.08594,6.6875],"texture":"#13"},"up":{"uv":[2.98438,6.14844,2.8125,6.125],"texture":"#13"},"down":{"uv":[7.23438,6.1875,7.0625,6.21094],"texture":"#13"}}},{"from":[-4.1,16.3,-1.6],"to":[-0.9,20.45,-0.9],"rotation":{"angle":0,"axis":"y","origin":[15.9,16,16]},"faces":{"north":{"uv":[6.875,1.625,7.07813,1.88281],"texture":"#13"},"east":{"uv":[0,0,0,0.25781],"texture":"#13"},"south":{"uv":[6.875,1.9375,7.07813,2.19531],"texture":"#13"},"west":{"uv":[0,0,0,0.25781],"texture":"#13"},"up":{"uv":[0.20313,0,0,0],"texture":"#13"},"down":{"uv":[0.20313,0,0,0],"texture":"#13"}}},{"from":[-1.9,19.5,-1.8],"to":[-1.2,20.2,-1.4],"rotation":{"angle":0,"axis":"y","origin":[0.1,0,0]},"faces":{"north":{"uv":[4.5625,5.1875,4.60938,5.23438],"texture":"#13"},"east":{"uv":[7.0625,6.9375,7.08594,6.98438],"texture":"#13"},"south":{"uv":[4.5625,5.25,4.60938,5.29688],"texture":"#13"},"west":{"uv":[7.0625,7,7.08594,7.04688],"texture":"#13"},"up":{"uv":[7.10938,7.08594,7.0625,7.0625],"texture":"#13"},"down":{"uv":[7.17188,0,7.125,0.02344],"texture":"#13"}}},{"from":[-2.9,19.5,-1.8],"to":[-2.2,20.2,-1.4],"rotation":{"angle":0,"axis":"y","origin":[0.1,0,0]},"faces":{"north":{"uv":[4.5625,5.3125,4.60938,5.35938],"texture":"#13"},"east":{"uv":[7.125,0.0625,7.14844,0.10938],"texture":"#13"},"south":{"uv":[4.5625,5.375,4.60938,5.42188],"texture":"#13"},"west":{"uv":[7.125,0.125,7.14844,0.17188],"texture":"#13"},"up":{"uv":[7.17188,0.21094,7.125,0.1875],"texture":"#13"},"down":{"uv":[7.17188,0.25,7.125,0.27344],"texture":"#13"}}},{"from":[-3.9,19.5,-1.8],"to":[-3.2,20.2,-1.4],"rotation":{"angle":0,"axis":"y","origin":[0.1,0,0]},"faces":{"north":{"uv":[4.5625,5.4375,4.60938,5.48438],"texture":"#13"},"east":{"uv":[7.125,0.3125,7.14844,0.35938],"texture":"#13"},"south":{"uv":[4.5625,5.5,4.60938,5.54688],"texture":"#13"},"west":{"uv":[0.375,7.125,0.39844,7.17188],"texture":"#13"},"up":{"uv":[7.17188,0.39844,7.125,0.375],"texture":"#13"},"down":{"uv":[0.48438,7.125,0.4375,7.14844],"texture":"#13"}}},{"from":[-1.9,18.5,-1.8],"to":[-1.2,19.2,-1.4],"rotation":{"angle":0,"axis":"y","origin":[0.1,0,0]},"faces":{"north":{"uv":[4.5625,5.5625,4.60938,5.60938],"texture":"#13"},"east":{"uv":[7.125,0.4375,7.14844,0.48438],"texture":"#13"},"south":{"uv":[4.5625,5.625,4.60938,5.67188],"texture":"#13"},"west":{"uv":[0.5,7.125,0.52344,7.17188],"texture":"#13"},"up":{"uv":[7.17188,0.52344,7.125,0.5],"texture":"#13"},"down":{"uv":[0.60938,7.125,0.5625,7.14844],"texture":"#13"}}},{"from":[-1.9,17.5,-1.8],"to":[-1.2,18.2,-1.3],"rotation":{"angle":0,"axis":"y","origin":[0.1,0,0]},"faces":{"north":{"uv":[4.5,5.6875,4.54688,5.73438],"texture":"#13"},"east":{"uv":[7.0625,6.6875,7.09375,6.73438],"texture":"#13"},"south":{"uv":[4.5625,5.6875,4.60938,5.73438],"texture":"#13"},"west":{"uv":[7.0625,6.75,7.09375,6.79688],"texture":"#13"},"up":{"uv":[7.10938,6.84375,7.0625,6.8125],"texture":"#13"},"down":{"uv":[7.10938,6.875,7.0625,6.90625],"texture":"#13"}}},{"from":[-2.9,17.5,-1.8],"to":[-2.2,18.2,-1.4],"rotation":{"angle":0,"axis":"y","origin":[0.1,0,0]},"faces":{"north":{"uv":[6.125,5.6875,6.17188,5.73438],"texture":"#13"},"east":{"uv":[0.625,7.125,0.64844,7.17188],"texture":"#13"},"south":{"uv":[0.5,6.4375,0.54688,6.48438],"texture":"#13"},"west":{"uv":[0.6875,7.125,0.71094,7.17188],"texture":"#13"},"up":{"uv":[0.79688,7.14844,0.75,7.125],"texture":"#13"},"down":{"uv":[0.85938,7.125,0.8125,7.14844],"texture":"#13"}}},{"from":[-3.9,17.5,-1.8],"to":[-3.2,18.2,-1.4],"rotation":{"angle":0,"axis":"y","origin":[0.1,0,0]},"faces":{"north":{"uv":[6.875,4.625,6.92188,4.67188],"texture":"#13"},"east":{"uv":[0.875,7.125,0.89844,7.17188],"texture":"#13"},"south":{"uv":[0.375,7.0625,0.42188,7.10938],"texture":"#13"},"west":{"uv":[0.9375,7.125,0.96094,7.17188],"texture":"#13"},"up":{"uv":[7.17188,0.96094,7.125,0.9375],"texture":"#13"},"down":{"uv":[1.04688,7.125,1,7.14844],"texture":"#13"}}},{"from":[-3.9,18.5,-1.8],"to":[-3.2,19.2,-1.4],"rotation":{"angle":0,"axis":"y","origin":[0.1,0,0]},"faces":{"north":{"uv":[0.4375,7.0625,0.48438,7.10938],"texture":"#13"},"east":{"uv":[1.0625,7.125,1.08594,7.17188],"texture":"#13"},"south":{"uv":[7.0625,6.25,7.10938,6.29688],"texture":"#13"},"west":{"uv":[1.125,7.125,1.14844,7.17188],"texture":"#13"},"up":{"uv":[1.23438,7.14844,1.1875,7.125],"texture":"#13"},"down":{"uv":[1.42188,7.125,1.375,7.14844],"texture":"#13"}}},{"from":[-2.9,18.5,-1.8],"to":[-2.2,19.2,-1.4],"rotation":{"angle":0,"axis":"y","origin":[0.1,0,0]},"faces":{"north":{"uv":[7.0625,6.3125,7.10938,6.35938],"texture":"#13"},"east":{"uv":[7.125,1.625,7.14844,1.67188],"texture":"#13"},"south":{"uv":[7.0625,6.375,7.10938,6.42188],"texture":"#13"},"west":{"uv":[1.6875,7.125,1.71094,7.17188],"texture":"#13"},"up":{"uv":[7.17188,1.71094,7.125,1.6875],"texture":"#13"},"down":{"uv":[1.79688,7.125,1.75,7.14844],"texture":"#13"}}},{"from":[-2.9,16.5,-1.8],"to":[-2.2,17.2,-1.4],"rotation":{"angle":0,"axis":"y","origin":[0.1,0,0]},"faces":{"north":{"uv":[7.0625,6.4375,7.10938,6.48438],"texture":"#13"},"east":{"uv":[7.125,1.75,7.14844,1.79688],"texture":"#13"},"south":{"uv":[7.0625,6.5,7.10938,6.54688],"texture":"#13"},"west":{"uv":[1.8125,7.125,1.83594,7.17188],"texture":"#13"},"up":{"uv":[7.17188,1.83594,7.125,1.8125],"texture":"#13"},"down":{"uv":[1.92188,7.125,1.875,7.14844],"texture":"#13"}}},{"from":[-5.58,14,0.4],"to":[-5.58,26,11.4],"faces":{"north":{"uv":[0,0,0,0.75],"texture":"#13"},"east":{"uv":[3.625,1.6875,4.3125,2.4375],"texture":"#13"},"south":{"uv":[0,0,0,0.75],"texture":"#13"},"west":{"uv":[5.625,2.25,6.3125,3],"texture":"#13"},"up":{"uv":[0,0.6875,0,0],"texture":"#13"},"down":{"uv":[0,0,0,0.6875],"texture":"#13"}}},{"from":[-5.58,-8.9,4.4],"to":[-5.58,3.1,15.4],"rotation":{"angle":0,"axis":"z","origin":[0,0,16]},"faces":{"north":{"uv":[0,0,0,0.75],"texture":"#13"},"east":{"uv":[5.625,3,6.3125,3.75],"texture":"#13"},"south":{"uv":[0,0,0,0.75],"texture":"#13"},"west":{"uv":[4,5.75,4.6875,6.5],"texture":"#13"},"up":{"uv":[0,0.6875,0,0],"texture":"#13"},"down":{"uv":[0,0,0,0.6875],"texture":"#13"}}},{"from":[16.55,13.6,6.1],"to":[16.55,22,12.7],"faces":{"north":{"uv":[0,0,0,0.52344],"texture":"#13"},"east":{"uv":[0.5625,5.9375,0.97656,6.46094],"texture":"#13"},"south":{"uv":[0,0,0,0.52344],"texture":"#13"},"west":{"uv":[1,5.9375,1.41406,6.46094],"texture":"#13"},"up":{"uv":[0,0.41406,0,0],"texture":"#13"},"down":{"uv":[0,0,0,0.41406],"texture":"#13"}}},{"from":[16.55,5.2,0.9],"to":[16.55,13,9.4],"faces":{"north":{"uv":[0,0,0,0.48438],"texture":"#13"},"east":{"uv":[4,5.1875,4.53125,5.67188],"texture":"#13"},"south":{"uv":[0,0,0,0.48438],"texture":"#13"},"west":{"uv":[5.875,4.6875,6.40625,5.17188],"texture":"#13"},"up":{"uv":[0,0.53125,0,0],"texture":"#13"},"down":{"uv":[0,0,0,0.53125],"texture":"#13"}}},{"from":[16.55,-9.6,2.3],"to":[16.55,-1.8,10.8],"rotation":{"angle":-45,"axis":"x","origin":[0,0,0]},"faces":{"north":{"uv":[0,0,0,0.48438],"texture":"#13"},"east":{"uv":[5.875,5.1875,6.40625,5.67188],"texture":"#13"},"south":{"uv":[0,0,0,0.48438],"texture":"#13"},"west":{"uv":[0,5.9375,0.53125,6.42188],"texture":"#13"},"up":{"uv":[0,0.53125,0,0],"texture":"#13"},"down":{"uv":[0,0,0,0.53125],"texture":"#13"}}},{"from":[0.1,11.3,12.2],"to":[3.8,16.1,12.2],"faces":{"north":{"uv":[4.375,3.75,4.60938,4.04688],"texture":"#13"},"east":{"uv":[0,0,0,0.29688],"texture":"#13"},"south":{"uv":[3,4.875,3.23438,5.17188],"texture":"#13"},"west":{"uv":[0,0,0,0.29688],"texture":"#13"},"up":{"uv":[0.23438,0,0,0],"texture":"#13"},"down":{"uv":[0.23438,0,0,0],"texture":"#13"}}},{"from":[0.1,11.3,9.4],"to":[3.8,16.1,9.4],"faces":{"north":{"uv":[2.9375,6.375,3.17188,6.67188],"texture":"#13"},"east":{"uv":[0,0,0,0.29688],"texture":"#13"},"south":{"uv":[3.1875,6.375,3.42188,6.67188],"texture":"#13"},"west":{"uv":[0,0,0,0.29688],"texture":"#13"},"up":{"uv":[0.23438,0,0,0],"texture":"#13"},"down":{"uv":[0.23438,0,0,0],"texture":"#13"}}},{"from":[0.1,11.3,7.1],"to":[3.8,16.1,7.1],"faces":{"north":{"uv":[5.1875,6.375,5.42188,6.67188],"texture":"#13"},"east":{"uv":[0,0,0,0.29688],"texture":"#13"},"south":{"uv":[5.4375,6.375,5.67188,6.67188],"texture":"#13"},"west":{"uv":[0,0,0,0.29688],"texture":"#13"},"up":{"uv":[0.23438,0,0,0],"texture":"#13"},"down":{"uv":[0.23438,0,0,0],"texture":"#13"}}},{"from":[0.1,17.9,7.1],"to":[3.8,22.7,7.1],"faces":{"north":{"uv":[5.6875,6.375,5.92188,6.67188],"texture":"#13"},"east":{"uv":[0,0,0,0.29688],"texture":"#13"},"south":{"uv":[5.9375,6.375,6.17188,6.67188],"texture":"#13"},"west":{"uv":[0,0,0,0.29688],"texture":"#13"},"up":{"uv":[0.23438,0,0,0],"texture":"#13"},"down":{"uv":[0.23438,0,0,0],"texture":"#13"}}},{"from":[5.8,17.9,7.1],"to":[9.5,22.7,7.1],"faces":{"north":{"uv":[6.375,6.1875,6.60938,6.48438],"texture":"#13"},"east":{"uv":[0,0,0,0.29688],"texture":"#13"},"south":{"uv":[0,6.4375,0.23438,6.73438],"texture":"#13"},"west":{"uv":[0,0,0,0.29688],"texture":"#13"},"up":{"uv":[0.23438,0,0,0],"texture":"#13"},"down":{"uv":[0.23438,0,0,0],"texture":"#13"}}},{"from":[10.6,17.9,7.1],"to":[14.3,22.7,7.1],"faces":{"north":{"uv":[0.25,6.4375,0.48438,6.73438],"texture":"#13"},"east":{"uv":[0,0,0,0.29688],"texture":"#13"},"south":{"uv":[6.4375,4.6875,6.67188,4.98438],"texture":"#13"},"west":{"uv":[0,0,0,0.29688],"texture":"#13"},"up":{"uv":[0.23438,0,0,0],"texture":"#13"},"down":{"uv":[0.23438,0,0,0],"texture":"#13"}}},{"from":[10.6,17.9,9.4],"to":[14.3,22.7,9.4],"faces":{"north":{"uv":[6.4375,5,6.67188,5.29688],"texture":"#13"},"east":{"uv":[0,0,0,0.29688],"texture":"#13"},"south":{"uv":[6.4375,5.3125,6.67188,5.60938],"texture":"#13"},"west":{"uv":[0,0,0,0.29688],"texture":"#13"},"up":{"uv":[0.23438,0,0,0],"texture":"#13"},"down":{"uv":[0.23438,0,0,0],"texture":"#13"}}},{"from":[10.6,17.9,12.3],"to":[14.3,22.7,12.3],"faces":{"north":{"uv":[0.5,6.5,0.73438,6.79688],"texture":"#13"},"east":{"uv":[0,0,0,0.29688],"texture":"#13"},"south":{"uv":[0.75,6.5,0.98438,6.79688],"texture":"#13"},"west":{"uv":[0,0,0,0.29688],"texture":"#13"},"up":{"uv":[0.23438,0,0,0],"texture":"#13"},"down":{"uv":[0.23438,0,0,0],"texture":"#13"}}},{"from":[5.8,17.9,9.5],"to":[9.5,22.7,9.5],"faces":{"north":{"uv":[1,6.5,1.23438,6.79688],"texture":"#13"},"east":{"uv":[0,0,0,0.29688],"texture":"#13"},"south":{"uv":[1.6875,6.5,1.92188,6.79688],"texture":"#13"},"west":{"uv":[0,0,0,0.29688],"texture":"#13"},"up":{"uv":[0.23438,0,0,0],"texture":"#13"},"down":{"uv":[0.23438,0,0,0],"texture":"#13"}}},{"from":[5.8,17.9,12.4],"to":[9.5,22.7,12.4],"faces":{"north":{"uv":[1.9375,6.5,2.17188,6.79688],"texture":"#13"},"east":{"uv":[0,0,0,0.29688],"texture":"#13"},"south":{"uv":[2.1875,6.5,2.42188,6.79688],"texture":"#13"},"west":{"uv":[0,0,0,0.29688],"texture":"#13"},"up":{"uv":[0.23438,0,0,0],"texture":"#13"},"down":{"uv":[0.23438,0,0,0],"texture":"#13"}}},{"from":[0.1,17.9,9.6],"to":[3.8,22.7,9.6],"faces":{"north":{"uv":[2.4375,6.5,2.67188,6.79688],"texture":"#13"},"east":{"uv":[0,0,0,0.29688],"texture":"#13"},"south":{"uv":[4,6.5,4.23438,6.79688],"texture":"#13"},"west":{"uv":[0,0,0,0.29688],"texture":"#13"},"up":{"uv":[0.23438,0,0,0],"texture":"#13"},"down":{"uv":[0.23438,0,0,0],"texture":"#13"}}},{"from":[0.1,17.9,12.5],"to":[3.8,22.7,12.5],"faces":{"north":{"uv":[4.25,6.5,4.48438,6.79688],"texture":"#13"},"east":{"uv":[0,0,0,0.29688],"texture":"#13"},"south":{"uv":[6.375,6.5,6.60938,6.79688],"texture":"#13"},"west":{"uv":[0,0,0,0.29688],"texture":"#13"},"up":{"uv":[0.23438,0,0,0],"texture":"#13"},"down":{"uv":[0.23438,0,0,0],"texture":"#13"}}},{"from":[0.1,4.9,7.1],"to":[3.8,9.7,7.1],"faces":{"north":{"uv":[6.625,1,6.85938,1.29688],"texture":"#13"},"east":{"uv":[0,0,0,0.29688],"texture":"#13"},"south":{"uv":[6.625,1.3125,6.85938,1.60938],"texture":"#13"},"west":{"uv":[0,0,0,0.29688],"texture":"#13"},"up":{"uv":[0.23438,0,0,0],"texture":"#13"},"down":{"uv":[0.23438,0,0,0],"texture":"#13"}}},{"from":[5.5,4.9,7.1],"to":[9.2,9.7,7.1],"faces":{"north":{"uv":[6.625,1.625,6.85938,1.92188],"texture":"#13"},"east":{"uv":[0,0,0,0.29688],"texture":"#13"},"south":{"uv":[6.625,1.9375,6.85938,2.23438],"texture":"#13"},"west":{"uv":[0,0,0,0.29688],"texture":"#13"},"up":{"uv":[0.23438,0,0,0],"texture":"#13"},"down":{"uv":[0.23438,0,0,0],"texture":"#13"}}},{"from":[10.4,4.9,7.1],"to":[14.1,9.7,7.1],"faces":{"north":{"uv":[6.625,6.1875,6.85938,6.48438],"texture":"#13"},"east":{"uv":[0,0,0,0.29688],"texture":"#13"},"south":{"uv":[6.625,6.5,6.85938,6.79688],"texture":"#13"},"west":{"uv":[0,0,0,0.29688],"texture":"#13"},"up":{"uv":[0.23438,0,0,0],"texture":"#13"},"down":{"uv":[0.23438,0,0,0],"texture":"#13"}}},{"from":[10.4,4.9,9.8],"to":[14.1,9.7,9.8],"faces":{"north":{"uv":[2.9375,6.6875,3.17188,6.98438],"texture":"#13"},"east":{"uv":[0,0,0,0.29688],"texture":"#13"},"south":{"uv":[3.1875,6.6875,3.42188,6.98438],"texture":"#13"},"west":{"uv":[0,0,0,0.29688],"texture":"#13"},"up":{"uv":[0.23438,0,0,0],"texture":"#13"},"down":{"uv":[0.23438,0,0,0],"texture":"#13"}}},{"from":[10.4,4.9,12.2],"to":[14.1,9.7,12.2],"faces":{"north":{"uv":[6.6875,4.6875,6.92188,4.98438],"texture":"#13"},"east":{"uv":[0,0,0,0.29688],"texture":"#13"},"south":{"uv":[6.6875,5,6.92188,5.29688],"texture":"#13"},"west":{"uv":[0,0,0,0.29688],"texture":"#13"},"up":{"uv":[0.23438,0,0,0],"texture":"#13"},"down":{"uv":[0.23438,0,0,0],"texture":"#13"}}},{"from":[5.5,4.9,9.8],"to":[9.2,9.7,9.8],"faces":{"north":{"uv":[5.1875,6.6875,5.42188,6.98438],"texture":"#13"},"east":{"uv":[0,0,0,0.29688],"texture":"#13"},"south":{"uv":[6.6875,5.3125,6.92188,5.60938],"texture":"#13"},"west":{"uv":[0,0,0,0.29688],"texture":"#13"},"up":{"uv":[0.23438,0,0,0],"texture":"#13"},"down":{"uv":[0.23438,0,0,0],"texture":"#13"}}},{"from":[5.5,4.9,12.2],"to":[9.2,9.7,12.2],"faces":{"north":{"uv":[5.4375,6.6875,5.67188,6.98438],"texture":"#13"},"east":{"uv":[0,0,0,0.29688],"texture":"#13"},"south":{"uv":[5.6875,6.6875,5.92188,6.98438],"texture":"#13"},"west":{"uv":[0,0,0,0.29688],"texture":"#13"},"up":{"uv":[0.23438,0,0,0],"texture":"#13"},"down":{"uv":[0.23438,0,0,0],"texture":"#13"}}},{"from":[0.1,4.9,9.8],"to":[3.8,9.7,9.8],"faces":{"north":{"uv":[5.9375,6.6875,6.17188,6.98438],"texture":"#13"},"east":{"uv":[0,0,0,0.29688],"texture":"#13"},"south":{"uv":[0,6.75,0.23438,7.04688],"texture":"#13"},"west":{"uv":[0,0,0,0.29688],"texture":"#13"},"up":{"uv":[0.23438,0,0,0],"texture":"#13"},"down":{"uv":[0.23438,0,0,0],"texture":"#13"}}},{"from":[0.1,4.9,12.1],"to":[3.8,9.7,12.1],"faces":{"north":{"uv":[0.25,6.75,0.48438,7.04688],"texture":"#13"},"east":{"uv":[0,0,0,0.29688],"texture":"#13"},"south":{"uv":[0.5,6.8125,0.73438,7.10938],"texture":"#13"},"west":{"uv":[0,0,0,0.29688],"texture":"#13"},"up":{"uv":[0.23438,0,0,0],"texture":"#13"},"down":{"uv":[0.23438,0,0,0],"texture":"#13"}}},{"from":[5.7,11.3,7.1],"to":[9.4,16.1,7.1],"faces":{"north":{"uv":[0.75,6.8125,0.98438,7.10938],"texture":"#13"},"east":{"uv":[0,0,0,0.29688],"texture":"#13"},"south":{"uv":[1,6.8125,1.23438,7.10938],"texture":"#13"},"west":{"uv":[0,0,0,0.29688],"texture":"#13"},"up":{"uv":[0.23438,0,0,0],"texture":"#13"},"down":{"uv":[0.23438,0,0,0],"texture":"#13"}}},{"from":[10.7,11.3,7.1],"to":[14.4,16.1,7.1],"faces":{"north":{"uv":[1.6875,6.8125,1.92188,7.10938],"texture":"#13"},"east":{"uv":[0,0,0,0.29688],"texture":"#13"},"south":{"uv":[1.9375,6.8125,2.17188,7.10938],"texture":"#13"},"west":{"uv":[0,0,0,0.29688],"texture":"#13"},"up":{"uv":[0.23438,0,0,0],"texture":"#13"},"down":{"uv":[0.23438,0,0,0],"texture":"#13"}}},{"from":[10.7,11.3,9.4],"to":[14.4,16.1,9.4],"faces":{"north":{"uv":[2.1875,6.8125,2.42188,7.10938],"texture":"#13"},"east":{"uv":[0,0,0,0.29688],"texture":"#13"},"south":{"uv":[2.4375,6.8125,2.67188,7.10938],"texture":"#13"},"west":{"uv":[0,0,0,0.29688],"texture":"#13"},"up":{"uv":[0.23438,0,0,0],"texture":"#13"},"down":{"uv":[0.23438,0,0,0],"texture":"#13"}}},{"from":[10.7,11.3,12],"to":[14.4,16.1,12],"faces":{"north":{"uv":[3.4375,6.8125,3.67188,7.10938],"texture":"#13"},"east":{"uv":[0,0,0,0.29688],"texture":"#13"},"south":{"uv":[3.6875,6.8125,3.92188,7.10938],"texture":"#13"},"west":{"uv":[0,0,0,0.29688],"texture":"#13"},"up":{"uv":[0.23438,0,0,0],"texture":"#13"},"down":{"uv":[0.23438,0,0,0],"texture":"#13"}}},{"from":[5.7,11.3,9.5],"to":[9.4,16.1,9.5],"faces":{"north":{"uv":[4,6.8125,4.23438,7.10938],"texture":"#13"},"east":{"uv":[0,0,0,0.29688],"texture":"#13"},"south":{"uv":[4.25,6.8125,4.48438,7.10938],"texture":"#13"},"west":{"uv":[0,0,0,0.29688],"texture":"#13"},"up":{"uv":[0.23438,0,0,0],"texture":"#13"},"down":{"uv":[0.23438,0,0,0],"texture":"#13"}}},{"from":[5.7,11.3,12.1],"to":[9.4,16.1,12.1],"faces":{"north":{"uv":[6.375,6.8125,6.60938,7.10938],"texture":"#13"},"east":{"uv":[0,0,0,0.29688],"texture":"#13"},"south":{"uv":[6.625,6.8125,6.85938,7.10938],"texture":"#13"},"west":{"uv":[0,0,0,0.29688],"texture":"#13"},"up":{"uv":[0.23438,0,0,0],"texture":"#13"},"down":{"uv":[0.23438,0,0,0],"texture":"#13"}}}],"display":{"thirdperson_righthand":{"rotation":[32.75,0,0],"translation":[0.5,0.75,-0.5],"scale":[0.2,0.2,0.2]},"thirdperson_lefthand":{"rotation":[32.75,0,0],"translation":[0.5,0.75,-0.5],"scale":[0.2,0.2,0.2]},"firstperson_righthand":{"rotation":[0,172,0],"translation":[0,3.25,0],"scale":[0.2,0.2,0.2]},"firstperson_lefthand":{"rotation":[0,172,0],"translation":[0,3.25,0],"scale":[0.2,0.2,0.2]},"ground":{"translation":[0,2.5,0],"scale":[0.2,0.2,0.2]},"gui":{"rotation":[18.5,-147.25,0],"translation":[-0.25,-0.25,0],"scale":[0.4,0.4,0.4]},"head":{"rotation":[0,-180,0],"translation":[-3.25,-14.75,-1],"scale":[1.3,1.36,1.3]},"fixed":{"translation":[0.5,0,-3],"scale":[0.45,0.45,0.45]}}}